ticker,canonical_name,resolution_status,auto_match_eligible,aliases_used,matched_gdelt_or_mediacloud_organisation_strings,total_matching_documents,active_date_range,unique_domains,collision_count,ambiguous_match_count,unmatched_years,notes
ADANIENT,UNRESOLVED,UNRESOLVED,False,none,NOT_MEASURED_SOURCE_UNAVAILABLE,NOT_MEASURED_SOURCE_UNAVAILABLE,NOT_MEASURED_SOURCE_UNAVAILABLE,NOT_MEASURED_SOURCE_UNAVAILABLE,0,1,NOT_MEASURED_SOURCE_UNAVAILABLE,no lineage row matched this yfinance symbol; official NSE/company evidence required
ADANIPORTS,UNRESOLVED,UNRESOLVED,False,none,NOT_MEASURED_SOURCE_UNAVAILABLE,NOT_MEASURED_SOURCE_UNAVAILABLE,NOT_MEASURED_SOURCE_UNAVAILABLE,NOT_MEASURED_SOURCE_UNAVAILABLE,0,1,NOT_MEASURED_SOURCE_UNAVAILABLE,no lineage row matched this yfinance symbol; official NSE/company evidence required
APOLLOHOSP,UNRESOLVED,UNRESOLVED,False,none,NOT_MEASURED_SOURCE_UNAVAILABLE,NOT_MEASURED_SOURCE_UNAVAILABLE,NOT_MEASURED_SOURCE_UNAVAILABLE,NOT_MEASURED_SOURCE_UNAVAILABLE,0,1,NOT_MEASURED_SOURCE_UNAVAILABLE,no lineage row matched this yfinance symbol; official NSE/company evidence required
ASIANPAINT,UNRESOLVED,UNRESOLVED,False,none,NOT_MEASURED_SOURCE_UNAVAILABLE,NOT_MEASURED_SOURCE_UNAVAILABLE,NOT_MEASURED_SOURCE_UNAVAILABLE,NOT_MEASURED_SOURCE_UNAVAILABLE,0,1,NOT_MEASURED_SOURCE_UNAVAILABLE,no lineage row matched this yfinance symbol; official NSE/company evidence required
AXISBANK,UNRESOLVED,UNRESOLVED,False,none,NOT_MEASURED_SOURCE_UNAVAILABLE,NOT_MEASURED_SOURCE_UNAVAILABLE,NOT_MEASURED_SOURCE_UNAVAILABLE,NOT_MEASURED_SOURCE_UNAVAILABLE,0,1,NOT_MEASURED_SOURCE_UNAVAILABLE,no lineage row matched this yfinance symbol; official NSE/company evidence required
BAJAJ-AUTO,"Bajaj Auto Limited (new, post-2008)",RESOLVED_FROM_LINEAGE,True,"Bajaj Auto Limited (new, post-2008); Bajaj Auto Limited (erstwhile, pre-2008)",NOT_MEASURED_SOURCE_UNAVAILABLE,NOT_MEASURED_SOURCE_UNAVAILABLE,NOT_MEASURED_SOURCE_UNAVAILABLE,NOT_MEASURED_SOURCE_UNAVAILABLE,0,1,NOT_MEASURED_SOURCE_UNAVAILABLE,configs/legacy_security_lineage.yaml[BAJAJ-AUTO]
BAJAJFINSV,UNRESOLVED,UNRESOLVED,False,none,NOT_MEASURED_SOURCE_UNAVAILABLE,NOT_MEASURED_SOURCE_UNAVAILABLE,NOT_MEASURED_SOURCE_UNAVAILABLE,NOT_MEASURED_SOURCE_UNAVAILABLE,0,1,NOT_MEASURED_SOURCE_UNAVAILABLE,no lineage row matched this yfinance symbol; official NSE/company evidence required
BAJFINANCE,UNRESOLVED,UNRESOLVED,False,none,NOT_MEASURED_SOURCE_UNAVAILABLE,NOT_MEASURED_SOURCE_UNAVAILABLE,NOT_MEASURED_SOURCE_UNAVAILABLE,NOT_MEASURED_SOURCE_UNAVAILABLE,0,1,NOT_MEASURED_SOURCE_UNAVAILABLE,no lineage row matched this yfinance symbol; official NSE/company evidence required
BEL,UNRESOLVED,UNRESOLVED,False,none,NOT_MEASURED_SOURCE_UNAVAILABLE,NOT_MEASURED_SOURCE_UNAVAILABLE,NOT_MEASURED_SOURCE_UNAVAILABLE,NOT_MEASURED_SOURCE_UNAVAILABLE,0,1,NOT_MEASURED_SOURCE_UNAVAILABLE,no lineage row matched this yfinance symbol; official NSE/company evidence required
BHARTIARTL,UNRESOLVED,UNRESOLVED,False,none,NOT_MEASURED_SOURCE_UNAVAILABLE,NOT_MEASURED_SOURCE_UNAVAILABLE,NOT_MEASURED_SOURCE_UNAVAILABLE,NOT_MEASURED_SOURCE_UNAVAILABLE,0,1,NOT_MEASURED_SOURCE_UNAVAILABLE,no lineage row matched this yfinance symbol; official NSE/company evidence required
CIPLA,Cipla Limited,RESOLVED_FROM_LINEAGE,True,Cipla Limited,NOT_MEASURED_SOURCE_UNAVAILABLE,NOT_MEASURED_SOURCE_UNAVAILABLE,NOT_MEASURED_SOURCE_UNAVAILABLE,NOT_MEASURED_SOURCE_UNAVAILABLE,0,1,NOT_MEASURED_SOURCE_UNAVAILABLE,configs/legacy_security_lineage.yaml[CIPLA]
DRREDDY,Dr. Reddy's Laboratories Limited,RESOLVED_FROM_LINEAGE,True,Dr. Reddy's Laboratories Limited,NOT_MEASURED_SOURCE_UNAVAILABLE,NOT_MEASURED_SOURCE_UNAVAILABLE,NOT_MEASURED_SOURCE_UNAVAILABLE,NOT_MEASURED_SOURCE_UNAVAILABLE,0,1,NOT_MEASURED_SOURCE_UNAVAILABLE,configs/legacy_security_lineage.yaml[DRREDDY]
EICHERMOT,UNRESOLVED,UNRESOLVED,False,none,NOT_MEASURED_SOURCE_UNAVAILABLE,NOT_MEASURED_SOURCE_UNAVAILABLE,NOT_MEASURED_SOURCE_UNAVAILABLE,NOT_MEASURED_SOURCE_UNAVAILABLE,0,1,NOT_MEASURED_SOURCE_UNAVAILABLE,no lineage row matched this yfinance symbol; official NSE/company evidence required
GRASIM,Grasim Industries Limited,RESOLVED_FROM_LINEAGE,True,Grasim Industries Limited,NOT_MEASURED_SOURCE_UNAVAILABLE,NOT_MEASURED_SOURCE_UNAVAILABLE,NOT_MEASURED_SOURCE_UNAVAILABLE,NOT_MEASURED_SOURCE_UNAVAILABLE,0,1,NOT_MEASURED_SOURCE_UNAVAILABLE,configs/legacy_security_lineage.yaml[GRASIM]
HCLTECH,UNRESOLVED,UNRESOLVED,False,none,NOT_MEASURED_SOURCE_UNAVAILABLE,NOT_MEASURED_SOURCE_UNAVAILABLE,NOT_MEASURED_SOURCE_UNAVAILABLE,NOT_MEASURED_SOURCE_UNAVAILABLE,0,1,NOT_MEASURED_SOURCE_UNAVAILABLE,no lineage row matched this yfinance symbol; official NSE/company evidence required
HDFCBANK,HDFC Bank Limited,RESOLVED_FROM_LINEAGE,True,HDFC Bank Limited,NOT_MEASURED_SOURCE_UNAVAILABLE,NOT_MEASURED_SOURCE_UNAVAILABLE,NOT_MEASURED_SOURCE_UNAVAILABLE,NOT_MEASURED_SOURCE_UNAVAILABLE,0,1,NOT_MEASURED_SOURCE_UNAVAILABLE,configs/legacy_security_lineage.yaml[HDFCBANK]
HINDALCO,Hindalco Industries Limited,RESOLVED_FROM_LINEAGE,True,Hindalco Industries Limited,NOT_MEASURED_SOURCE_UNAVAILABLE,NOT_MEASURED_SOURCE_UNAVAILABLE,NOT_MEASURED_SOURCE_UNAVAILABLE,NOT_MEASURED_SOURCE_UNAVAILABLE,0,1,NOT_MEASURED_SOURCE_UNAVAILABLE,configs/legacy_security_lineage.yaml[HINDALCO]
HINDUNILVR,Hindustan Unilever Limited,RESOLVED_FROM_LINEAGE,True,Hindustan Unilever Limited; Hindustan Lever Limited,NOT_MEASURED_SOURCE_UNAVAILABLE,NOT_MEASURED_SOURCE_UNAVAILABLE,NOT_MEASURED_SOURCE_UNAVAILABLE,NOT_MEASURED_SOURCE_UNAVAILABLE,0,1,NOT_MEASURED_SOURCE_UNAVAILABLE,configs/legacy_security_lineage.yaml[HINDLEVER]
ICICIBANK,UNRESOLVED,UNRESOLVED,False,none,NOT_MEASURED_SOURCE_UNAVAILABLE,NOT_MEASURED_SOURCE_UNAVAILABLE,NOT_MEASURED_SOURCE_UNAVAILABLE,NOT_MEASURED_SOURCE_UNAVAILABLE,0,1,NOT_MEASURED_SOURCE_UNAVAILABLE,no lineage row matched this yfinance symbol; official NSE/company evidence required
INFY,Infosys Limited,RESOLVED_FROM_LINEAGE,True,Infosys Limited; Infosys Technologies Limited,NOT_MEASURED_SOURCE_UNAVAILABLE,NOT_MEASURED_SOURCE_UNAVAILABLE,NOT_MEASURED_SOURCE_UNAVAILABLE,NOT_MEASURED_SOURCE_UNAVAILABLE,0,1,NOT_MEASURED_SOURCE_UNAVAILABLE,configs/legacy_security_lineage.yaml[INFOSYSTCH]
ITC,ITC Limited,RESOLVED_FROM_LINEAGE,True,ITC Limited; Imperial Tobacco Company of India Limited,NOT_MEASURED_SOURCE_UNAVAILABLE,NOT_MEASURED_SOURCE_UNAVAILABLE,NOT_MEASURED_SOURCE_UNAVAILABLE,NOT_MEASURED_SOURCE_UNAVAILABLE,0,1,NOT_MEASURED_SOURCE_UNAVAILABLE,configs/legacy_security_lineage.yaml[ITC]
JSWSTEEL,UNRESOLVED,UNRESOLVED,False,none,NOT_MEASURED_SOURCE_UNAVAILABLE,NOT_MEASURED_SOURCE_UNAVAILABLE,NOT_MEASURED_SOURCE_UNAVAILABLE,NOT_MEASURED_SOURCE_UNAVAILABLE,0,1,NOT_MEASURED_SOURCE_UNAVAILABLE,no lineage row matched this yfinance symbol; official NSE/company evidence required
KOTAKBANK,UNRESOLVED,UNRESOLVED,False,none,NOT_MEASURED_SOURCE_UNAVAILABLE,NOT_MEASURED_SOURCE_UNAVAILABLE,NOT_MEASURED_SOURCE_UNAVAILABLE,NOT_MEASURED_SOURCE_UNAVAILABLE,0,1,NOT_MEASURED_SOURCE_UNAVAILABLE,no lineage row matched this yfinance symbol; official NSE/company evidence required
LT,Larsen & Toubro Limited,RESOLVED_FROM_LINEAGE,True,Larsen & Toubro Limited,NOT_MEASURED_SOURCE_UNAVAILABLE,NOT_MEASURED_SOURCE_UNAVAILABLE,NOT_MEASURED_SOURCE_UNAVAILABLE,NOT_MEASURED_SOURCE_UNAVAILABLE,0,1,NOT_MEASURED_SOURCE_UNAVAILABLE,configs/legacy_security_lineage.yaml[L&T]
M&M,Mahindra & Mahindra Limited,RESOLVED_FROM_LINEAGE,True,Mahindra & Mahindra Limited,NOT_MEASURED_SOURCE_UNAVAILABLE,NOT_MEASURED_SOURCE_UNAVAILABLE,NOT_MEASURED_SOURCE_UNAVAILABLE,NOT_MEASURED_SOURCE_UNAVAILABLE,0,1,NOT_MEASURED_SOURCE_UNAVAILABLE,configs/legacy_security_lineage.yaml[M&M]
MARUTI,UNRESOLVED,UNRESOLVED,False,none,NOT_MEASURED_SOURCE_UNAVAILABLE,NOT_MEASURED_SOURCE_UNAVAILABLE,NOT_MEASURED_SOURCE_UNAVAILABLE,NOT_MEASURED_SOURCE_UNAVAILABLE,0,1,NOT_MEASURED_SOURCE_UNAVAILABLE,no lineage row matched this yfinance symbol; official NSE/company evidence required
NTPC,UNRESOLVED,UNRESOLVED,False,none,NOT_MEASURED_SOURCE_UNAVAILABLE,NOT_MEASURED_SOURCE_UNAVAILABLE,NOT_MEASURED_SOURCE_UNAVAILABLE,NOT_MEASURED_SOURCE_UNAVAILABLE,0,1,NOT_MEASURED_SOURCE_UNAVAILABLE,no lineage row matched this yfinance symbol; official NSE/company evidence required
ONGC,Oil and Natural Gas Corporation Limited,RESOLVED_FROM_LINEAGE,True,Oil and Natural Gas Corporation Limited,NOT_MEASURED_SOURCE_UNAVAILABLE,NOT_MEASURED_SOURCE_UNAVAILABLE,NOT_MEASURED_SOURCE_UNAVAILABLE,NOT_MEASURED_SOURCE_UNAVAILABLE,0,1,NOT_MEASURED_SOURCE_UNAVAILABLE,configs/legacy_security_lineage.yaml[ONGC]
POWERGRID,UNRESOLVED,UNRESOLVED,False,none,NOT_MEASURED_SOURCE_UNAVAILABLE,NOT_MEASURED_SOURCE_UNAVAILABLE,NOT_MEASURED_SOURCE_UNAVAILABLE,NOT_MEASURED_SOURCE_UNAVAILABLE,0,1,NOT_MEASURED_SOURCE_UNAVAILABLE,no lineage row matched this yfinance symbol; official NSE/company evidence required
RELIANCE,Reliance Industries Limited,RESOLVED_FROM_LINEAGE,True,Reliance Industries Limited,NOT_MEASURED_SOURCE_UNAVAILABLE,NOT_MEASURED_SOURCE_UNAVAILABLE,NOT_MEASURED_SOURCE_UNAVAILABLE,NOT_MEASURED_SOURCE_UNAVAILABLE,0,1,NOT_MEASURED_SOURCE_UNAVAILABLE,configs/legacy_security_lineage.yaml[RELIANCE]
SBIN,State Bank of India,RESOLVED_FROM_LINEAGE,True,State Bank of India,NOT_MEASURED_SOURCE_UNAVAILABLE,NOT_MEASURED_SOURCE_UNAVAILABLE,NOT_MEASURED_SOURCE_UNAVAILABLE,NOT_MEASURED_SOURCE_UNAVAILABLE,0,1,NOT_MEASURED_SOURCE_UNAVAILABLE,configs/legacy_security_lineage.yaml[SBI]
SHRIRAMFIN,UNRESOLVED,UNRESOLVED,False,none,NOT_MEASURED_SOURCE_UNAVAILABLE,NOT_MEASURED_SOURCE_UNAVAILABLE,NOT_MEASURED_SOURCE_UNAVAILABLE,NOT_MEASURED_SOURCE_UNAVAILABLE,0,1,NOT_MEASURED_SOURCE_UNAVAILABLE,no lineage row matched this yfinance symbol; official NSE/company evidence required
SUNPHARMA,UNRESOLVED,UNRESOLVED,False,none,NOT_MEASURED_SOURCE_UNAVAILABLE,NOT_MEASURED_SOURCE_UNAVAILABLE,NOT_MEASURED_SOURCE_UNAVAILABLE,NOT_MEASURED_SOURCE_UNAVAILABLE,0,1,NOT_MEASURED_SOURCE_UNAVAILABLE,no lineage row matched this yfinance symbol; official NSE/company evidence required
TATACONSUM,UNRESOLVED,UNRESOLVED,False,none,NOT_MEASURED_SOURCE_UNAVAILABLE,NOT_MEASURED_SOURCE_UNAVAILABLE,NOT_MEASURED_SOURCE_UNAVAILABLE,NOT_MEASURED_SOURCE_UNAVAILABLE,0,1,NOT_MEASURED_SOURCE_UNAVAILABLE,no lineage row matched this yfinance symbol; official NSE/company evidence required
TATASTEEL,Tata Steel Limited,RESOLVED_FROM_LINEAGE,True,Tata Steel Limited; The Tata Iron and Steel Company Limited,NOT_MEASURED_SOURCE_UNAVAILABLE,NOT_MEASURED_SOURCE_UNAVAILABLE,NOT_MEASURED_SOURCE_UNAVAILABLE,NOT_MEASURED_SOURCE_UNAVAILABLE,0,1,NOT_MEASURED_SOURCE_UNAVAILABLE,configs/legacy_security_lineage.yaml[TISCO]
TCS,UNRESOLVED,UNRESOLVED,False,none,NOT_MEASURED_SOURCE_UNAVAILABLE,NOT_MEASURED_SOURCE_UNAVAILABLE,NOT_MEASURED_SOURCE_UNAVAILABLE,NOT_MEASURED_SOURCE_UNAVAILABLE,0,1,NOT_MEASURED_SOURCE_UNAVAILABLE,no lineage row matched this yfinance symbol; official NSE/company evidence required
TECHM,UNRESOLVED,UNRESOLVED,False,none,NOT_MEASURED_SOURCE_UNAVAILABLE,NOT_MEASURED_SOURCE_UNAVAILABLE,NOT_MEASURED_SOURCE_UNAVAILABLE,NOT_MEASURED_SOURCE_UNAVAILABLE,0,1,NOT_MEASURED_SOURCE_UNAVAILABLE,no lineage row matched this yfinance symbol; official NSE/company evidence required
TITAN,UNRESOLVED,UNRESOLVED,False,none,NOT_MEASURED_SOURCE_UNAVAILABLE,NOT_MEASURED_SOURCE_UNAVAILABLE,NOT_MEASURED_SOURCE_UNAVAILABLE,NOT_MEASURED_SOURCE_UNAVAILABLE,0,1,NOT_MEASURED_SOURCE_UNAVAILABLE,no lineage row matched this yfinance symbol; official NSE/company evidence required
TMPV,Tata Motors Passenger Vehicles Limited,RESOLVED_FROM_LINEAGE,True,Tata Motors Passenger Vehicles Limited; Tata Engineering and Locomotive Company Limited,NOT_MEASURED_SOURCE_UNAVAILABLE,NOT_MEASURED_SOURCE_UNAVAILABLE,NOT_MEASURED_SOURCE_UNAVAILABLE,NOT_MEASURED_SOURCE_UNAVAILABLE,0,1,NOT_MEASURED_SOURCE_UNAVAILABLE,configs/legacy_security_lineage.yaml[TELCO]
TRENT,UNRESOLVED,UNRESOLVED,False,none,NOT_MEASURED_SOURCE_UNAVAILABLE,NOT_MEASURED_SOURCE_UNAVAILABLE,NOT_MEASURED_SOURCE_UNAVAILABLE,NOT_MEASURED_SOURCE_UNAVAILABLE,0,1,NOT_MEASURED_SOURCE_UNAVAILABLE,no lineage row matched this yfinance symbol; official NSE/company evidence required
ULTRACEMCO,UNRESOLVED,UNRESOLVED,False,none,NOT_MEASURED_SOURCE_UNAVAILABLE,NOT_MEASURED_SOURCE_UNAVAILABLE,NOT_MEASURED_SOURCE_UNAVAILABLE,NOT_MEASURED_SOURCE_UNAVAILABLE,0,1,NOT_MEASURED_SOURCE_UNAVAILABLE,no lineage row matched this yfinance symbol; official NSE/company evidence required
WIPRO,UNRESOLVED,UNRESOLVED,False,none,NOT_MEASURED_SOURCE_UNAVAILABLE,NOT_MEASURED_SOURCE_UNAVAILABLE,NOT_MEASURED_SOURCE_UNAVAILABLE,NOT_MEASURED_SOURCE_UNAVAILABLE,0,1,NOT_MEASURED_SOURCE_UNAVAILABLE,no lineage row matched this yfinance symbol; official NSE/company evidence required
