ticker,fold,model,accuracy,f1,roc_auc,brier_raw,brier_calibrated,ece_raw,ece_calibrated
ADANIENT,fold_0,lstm,0.5910931174089069,0.7430025445292621,0.556964600569646,0.24261419475078583,0.24260535836219788,0.04444313049316406,0.04436182975769043
ADANIENT,fold_0,random_forest,0.5991902834008097,0.7163323782234957,0.6150142411501425,,,,
ADANIENT,fold_0,logistic_regression,0.4939271255060729,0.36548223350253806,0.5730706632307065,,,,
ADANIENT,fold_0,majority,0.5910931174089069,0.7430025445292621,0.5,,,,
APOLLOHOSP,fold_0,lstm,0.4898785425101215,0.657608695652174,0.5246622064803884,0.25207093358039856,0.25207099318504333,0.05345916748046875,0.05345982313156128
APOLLOHOSP,fold_0,random_forest,0.4939271255060729,0.4444444444444444,0.5118063754427391,,,,
APOLLOHOSP,fold_0,logistic_regression,0.43724696356275305,0.47547169811320755,0.43939393939393945,,,,
APOLLOHOSP,fold_0,majority,0.5101214574898786,0.0,0.5,,,,
ASIANPAINT,fold_0,lstm,0.5222672064777328,0.6861702127659575,0.489029036920247,0.2501183748245239,0.24970410764217377,0.01936936378479004,0.007230281829833984
ASIANPAINT,fold_0,random_forest,0.5222672064777328,0.6861702127659575,0.49047431349362763,,,,
ASIANPAINT,fold_0,logistic_regression,0.5141700404858299,0.40594059405940597,0.5576796741558271,,,,
ASIANPAINT,fold_0,majority,0.5222672064777328,0.6861702127659575,0.5,,,,
AXISBANK,fold_0,lstm,0.4291497975708502,0.0,0.5019403184798609,0.25665202736854553,0.25665193796157837,0.1077522337436676,0.10775187611579895
AXISBANK,fold_0,random_forest,0.44534412955465585,0.2594594594594595,0.4947143048307239,,,,
AXISBANK,fold_0,logistic_regression,0.4898785425101215,0.4473684210526316,0.5341897497658237,,,,
AXISBANK,fold_0,majority,0.5708502024291497,0.7268041237113402,0.5,,,,
BAJAJ-AUTO,fold_0,lstm,0.4817813765182186,0.0,0.5474002100840336,0.25361308455467224,0.25360390543937683,0.06769946217536926,0.06762516498565674
BAJAJ-AUTO,fold_0,random_forest,0.4574898785425101,0.32323232323232326,0.49592962184873945,,,,
BAJAJ-AUTO,fold_0,logistic_regression,0.48582995951417,0.3553299492385787,0.44006039915966383,,,,
BAJAJ-AUTO,fold_0,majority,0.4817813765182186,0.0,0.5,,,,
BAJAJFINSV,fold_0,lstm,0.5344129554655871,0.13533834586466165,0.5205299750754296,0.2495768517255783,0.2495768815279007,0.021557461998240667,0.021558519799699666
BAJAJFINSV,fold_0,random_forest,0.5020242914979757,0.016,0.43906598452053,,,,
BAJAJFINSV,fold_0,logistic_regression,0.5222672064777328,0.4824561403508772,0.5047881411517775,,,,
BAJAJFINSV,fold_0,majority,0.4898785425101215,0.657608695652174,0.5,,,,
BAJFINANCE,fold_0,lstm,0.48582995951417,0.6340057636887608,0.47490474313493625,0.2516828179359436,0.2516786754131317,0.0425941262409272,0.04255771938605829
BAJFINANCE,fold_0,random_forest,0.5384615384615384,0.6041666666666666,0.5528839837077915,,,,
BAJFINANCE,fold_0,logistic_regression,0.43724696356275305,0.4870848708487085,0.445670739718828,,,,
BAJFINANCE,fold_0,majority,0.5222672064777328,0.0,0.5,,,,
BHARTIARTL,fold_0,lstm,0.48582995951417,0.0,0.5281496062992126,0.25403162837028503,0.25401827692985535,0.06561964750289917,0.0655168890953064
BHARTIARTL,fold_0,random_forest,0.48582995951417,0.0,0.5198818897637796,,,,
BHARTIARTL,fold_0,logistic_regression,0.4898785425101215,0.045454545454545456,0.489238845144357,,,,
BHARTIARTL,fold_0,majority,0.48582995951417,0.0,0.5,,,,
BPCL,fold_0,lstm,0.4534412955465587,0.5768025078369906,0.5413669064748201,0.2524940073490143,0.2524951696395874,0.08477015606304894,0.08477820003563576
BPCL,fold_0,random_forest,0.44534412955465585,0.6074498567335244,0.5070610178523848,,,,
BPCL,fold_0,logistic_regression,0.46558704453441296,0.5319148936170213,0.49553690381028515,,,,
BPCL,fold_0,majority,0.562753036437247,0.0,0.5,,,,
BRITANNIA,fold_0,lstm,0.48582995951417,0.1360544217687075,0.5071805006587615,0.25060778856277466,0.25060778856277466,0.04318605405599,0.04318610642120423
BRITANNIA,fold_0,random_forest,0.4817813765182186,0.2808988764044944,0.538274044795784,,,,
BRITANNIA,fold_0,logistic_regression,0.4939271255060729,0.45414847161572053,0.5367588932806323,,,,
BRITANNIA,fold_0,majority,0.5344129554655871,0.6965699208443272,0.5,,,,
CIPLA,fold_0,lstm,0.5344129554655871,0.0,0.4993083003952569,0.24890512228012085,0.2489018738269806,0.01061740517616272,0.01045963168144226
CIPLA,fold_0,random_forest,0.5384615384615384,0.05,0.4168642951251647,,,,
CIPLA,fold_0,logistic_regression,0.5060728744939271,0.32222222222222224,0.4756258234519104,,,,
CIPLA,fold_0,majority,0.5344129554655871,0.0,0.5,,,,
COALINDIA,fold_0,lstm,0.4777327935222672,0.1456953642384106,0.4918768986923788,0.2526085674762726,0.25260913372039795,0.06445549350035819,0.06445930071687891
COALINDIA,fold_0,random_forest,0.4777327935222672,0.18867924528301888,0.5245674283450006,,,,
COALINDIA,fold_0,logistic_regression,0.4817813765182186,0.4838709677419355,0.5183595297847048,,,,
COALINDIA,fold_0,majority,0.4574898785425101,0.0,0.5,,,,
DIVISLAB,fold_0,lstm,0.5141700404858299,0.679144385026738,0.4509514435695538,0.2537993788719177,0.25238946080207825,0.05044293403625488,0.03792518377304077
DIVISLAB,fold_0,random_forest,0.5141700404858299,0.679144385026738,0.49219160104986875,,,,
DIVISLAB,fold_0,logistic_regression,0.5020242914979757,0.6592797783933518,0.48431758530183733,,,,
DIVISLAB,fold_0,majority,0.5141700404858299,0.679144385026738,0.5,,,,
DRREDDY,fold_0,lstm,0.5506072874493927,0.48847926267281105,0.5298762832324295,0.24906474351882935,0.24906477332115173,0.034018448731194625,0.034018799602261444
DRREDDY,fold_0,random_forest,0.4939271255060729,0.6153846153846154,0.5365885759410371,,,,
DRREDDY,fold_0,logistic_regression,0.48582995951417,0.5723905723905723,0.5326401684653856,,,,
DRREDDY,fold_0,majority,0.5303643724696356,0.0,0.5,,,,
EICHERMOT,fold_0,lstm,0.5060728744939271,0.14084507042253522,0.503740157480315,0.25058600306510925,0.25058597326278687,0.033328315265748185,0.03332790261820743
EICHERMOT,fold_0,random_forest,0.5182186234817814,0.4892703862660944,0.530774278215223,,,,
EICHERMOT,fold_0,logistic_regression,0.4979757085020243,0.45614035087719296,0.5089238845144357,,,,
EICHERMOT,fold_0,majority,0.48582995951417,0.0,0.5,,,,
GRASIM,fold_0,lstm,0.4817813765182186,0.2289156626506024,0.5410895660203139,0.25022274255752563,0.25022274255752563,0.04613197984000449,0.046131824916190944
GRASIM,fold_0,random_forest,0.4574898785425101,0.20238095238095238,0.4942619707162643,,,,
GRASIM,fold_0,logistic_regression,0.4939271255060729,0.3842364532019704,0.5115420129270545,,,,
GRASIM,fold_0,majority,0.46153846153846156,0.0,0.5,,,,
HCLTECH,fold_0,lstm,0.4817813765182186,0.6502732240437158,0.47308298319327735,0.2539951205253601,0.25399529933929443,0.05954122543334961,0.059542298316955566
HCLTECH,fold_0,random_forest,0.4493927125506073,0.5668789808917197,0.4751181722689076,,,,
HCLTECH,fold_0,logistic_regression,0.4817813765182186,0.41284403669724773,0.5047925420168067,,,,
HCLTECH,fold_0,majority,0.4817813765182186,0.6502732240437158,0.5,,,,
HDFCBANK,fold_0,lstm,0.4817813765182186,0.3333333333333333,0.4654199475065617,0.25084128975868225,0.25084131956100464,0.027390406319969578,0.027390287110680027
HDFCBANK,fold_0,random_forest,0.5060728744939271,0.5821917808219178,0.47959317585301836,,,,
HDFCBANK,fold_0,logistic_regression,0.5020242914979757,0.4675324675324675,0.462270341207349,,,,
HDFCBANK,fold_0,majority,0.5141700404858299,0.679144385026738,0.5,,,,
HEROMOTOCO,fold_0,lstm,0.5141700404858299,0.5041322314049587,0.549209486166008,0.24855664372444153,0.24855664372444153,0.030865269392608148,0.030865242848029502
HEROMOTOCO,fold_0,random_forest,0.5546558704453441,0.56,0.5913043478260869,,,,
HEROMOTOCO,fold_0,logistic_regression,0.5668016194331984,0.6192170818505338,0.5565217391304348,,,,
HEROMOTOCO,fold_0,majority,0.46558704453441296,0.0,0.5,,,,
HINDALCO,fold_0,lstm,0.48582995951417,0.0,0.5559055118110235,0.25173407793045044,0.2517336905002594,0.05125236511230469,0.051248133182525635
HINDALCO,fold_0,random_forest,0.4574898785425101,0.06944444444444445,0.4957349081364829,,,,
HINDALCO,fold_0,logistic_regression,0.46153846153846156,0.3870967741935484,0.4879921259842519,,,,
HINDALCO,fold_0,majority,0.5141700404858299,0.679144385026738,0.5,,,,
HINDUNILVR,fold_0,lstm,0.5263157894736842,0.47058823529411764,0.5565876152832675,0.24794244766235352,0.24794244766235352,0.0329612511613591,0.0329612511613591
HINDUNILVR,fold_0,random_forest,0.5587044534412956,0.18045112781954886,0.5142292490118577,,,,
HINDUNILVR,fold_0,logistic_regression,0.48582995951417,0.4773662551440329,0.4974308300395257,,,,
HINDUNILVR,fold_0,majority,0.46558704453441296,0.6353591160220995,0.5,,,,
ICICIBANK,fold_0,lstm,0.4979757085020243,0.5373134328358209,0.5143326758711374,0.24995717406272888,0.24995718896389008,0.026752139875280714,0.026752140719880944
ICICIBANK,fold_0,random_forest,0.4979757085020243,0.3473684210526316,0.5038790269559499,,,,
ICICIBANK,fold_0,logistic_regression,0.5263157894736842,0.5482625482625483,0.5250493096646942,,,,
ICICIBANK,fold_0,majority,0.47368421052631576,0.0,0.5,,,,
INDIGO,fold_0,lstm,0.5425101214574899,0.5830258302583026,0.5676264694227975,0.2495546191930771,0.2495546191930771,0.04554860987643964,0.04554869204397627
INDIGO,fold_0,random_forest,0.5425101214574899,0.03418803418803419,0.4753004887069079,,,,
INDIGO,fold_0,logistic_regression,0.5263157894736842,0.39378238341968913,0.4838198388588033,,,,
INDIGO,fold_0,majority,0.4574898785425101,0.6277777777777778,0.5,,,,
INDUSINDBK,fold_0,lstm,0.5060728744939271,0.6114649681528662,0.46287878787878783,0.2500872313976288,0.2500872313976288,0.0292219362760845,0.0292219362760845
INDUSINDBK,fold_0,random_forest,0.5060728744939271,0.5378787878787878,0.5006587615283268,,,,
INDUSINDBK,fold_0,logistic_regression,0.46963562753036436,0.5270758122743683,0.4731225296442688,,,,
INDUSINDBK,fold_0,majority,0.46558704453441296,0.0,0.5,,,,
INFY,fold_0,lstm,0.4939271255060729,0.6612466124661247,0.5260983606557377,0.2527366578578949,0.2527367174625397,0.05618917942047119,0.056189775466918945
INFY,fold_0,random_forest,0.5182186234817814,0.5608856088560885,0.5480655737704918,,,,
INFY,fold_0,logistic_regression,0.5060728744939271,0.5378787878787878,0.5181639344262295,,,,
INFY,fold_0,majority,0.4939271255060729,0.6612466124661247,0.5,,,,
ITC,fold_0,lstm,0.42105263157894735,0.0,0.5492872512103281,0.2547445297241211,0.2547445297241211,0.10982820391654968,0.10982826352119446
ITC,fold_0,random_forest,0.46153846153846156,0.40358744394618834,0.5438407746100054,,,,
ITC,fold_0,logistic_regression,0.5344129554655871,0.5418326693227091,0.5392684238838086,,,,
ITC,fold_0,majority,0.42105263157894735,0.0,0.5,,,,
JSWSTEEL,fold_0,lstm,0.4939271255060729,0.0,0.47560655737704916,0.2530079185962677,0.25299081206321716,0.04752051830291748,0.04737338423728943
JSWSTEEL,fold_0,random_forest,0.48582995951417,0.16993464052287582,0.4641311475409836,,,,
JSWSTEEL,fold_0,logistic_regression,0.5060728744939271,0.29069767441860467,0.5022295081967212,,,,
JSWSTEEL,fold_0,majority,0.5060728744939271,0.6720430107526881,0.5,,,,
KOTAKBANK,fold_0,lstm,0.4979757085020243,0.6648648648648648,0.3906372934697089,0.2514495551586151,0.2514437139034271,0.02202904224395752,0.02196633815765381
KOTAKBANK,fold_0,random_forest,0.4777327935222672,0.3316062176165803,0.4881327039076842,,,,
KOTAKBANK,fold_0,logistic_regression,0.5141700404858299,0.38144329896907214,0.47724888539207977,,,,
KOTAKBANK,fold_0,majority,0.4979757085020243,0.6648648648648648,0.5,,,,
LT,fold_0,lstm,0.4979757085020243,0.0,0.5473380540257015,0.25252360105514526,0.252512663602829,0.05607166886329651,0.0559656023979187
LT,fold_0,random_forest,0.4979757085020243,0.0,0.4876081825334383,,,,
LT,fold_0,logistic_regression,0.5263157894736842,0.4,0.5462890112772095,,,,
LT,fold_0,majority,0.4979757085020243,0.0,0.5,,,,
MARUTI,fold_0,lstm,0.4979757085020243,0.0,0.49731182795698925,0.2514214515686035,0.2514216899871826,0.03584125638008118,0.03584444522857666
MARUTI,fold_0,random_forest,0.5384615384615384,0.47706422018348627,0.5575662208234986,,,,
MARUTI,fold_0,logistic_regression,0.46963562753036436,0.24277456647398843,0.4950826121164437,,,,
MARUTI,fold_0,majority,0.4979757085020243,0.0,0.5,,,,
MM,fold_0,lstm,0.47368421052631576,0.057971014492753624,0.4932147562582345,0.2519805431365967,0.25198057293891907,0.059038355282926364,0.059038586462074924
MM,fold_0,random_forest,0.5101214574898786,0.4622222222222222,0.5238471673254281,,,,
MM,fold_0,logistic_regression,0.48582995951417,0.5058365758754864,0.47984189723320153,,,,
MM,fold_0,majority,0.46558704453441296,0.0,0.5,,,,
NESTLEIND,fold_0,lstm,0.5060728744939271,0.11594202898550725,0.5316272965879265,0.25057312846183777,0.2505730390548706,0.03381703570786758,0.03381542324537208
NESTLEIND,fold_0,random_forest,0.4979757085020243,0.08823529411764706,0.5341207349081365,,,,
NESTLEIND,fold_0,logistic_regression,0.5141700404858299,0.38144329896907214,0.5062992125984251,,,,
NESTLEIND,fold_0,majority,0.48582995951417,0.0,0.5,,,,
NTPC,fold_0,lstm,0.4979757085020243,0.0,0.5622213480199318,0.25225111842155457,0.25225120782852173,0.05831453204154968,0.05831563472747803
NTPC,fold_0,random_forest,0.4939271255060729,0.3016759776536313,0.49573826383425124,,,,
NTPC,fold_0,logistic_regression,0.47368421052631576,0.35,0.47744558090742206,,,,
NTPC,fold_0,majority,0.4979757085020243,0.0,0.5,,,,
ONGC,fold_0,lstm,0.5060728744939271,0.41904761904761906,0.5366271409749671,0.2503851652145386,0.2503851652145386,0.04600039438197487,0.04600049790583159
ONGC,fold_0,random_forest,0.5222672064777328,0.48695652173913045,0.537022397891963,,,,
ONGC,fold_0,logistic_regression,0.44129554655870445,0.4435483870967742,0.45520421607378125,,,,
ONGC,fold_0,majority,0.46558704453441296,0.0,0.5,,,,
POWERGRID,fold_0,lstm,0.5303643724696356,0.0,0.4876941300342195,0.24969050288200378,0.24969035387039185,0.0197695791721344,0.01976647973060608
POWERGRID,fold_0,random_forest,0.5101214574898786,0.2389937106918239,0.5532376941300341,,,,
POWERGRID,fold_0,logistic_regression,0.5870445344129555,0.45161290322580644,0.5817320347459859,,,,
POWERGRID,fold_0,majority,0.5303643724696356,0.0,0.5,,,,
RELIANCE,fold_0,lstm,0.5101214574898786,0.5217391304347826,0.4768372703412074,0.2502407133579254,0.2502407431602478,0.014116663319861842,0.014116632914253576
RELIANCE,fold_0,random_forest,0.48582995951417,0.0,0.4553805774278215,,,,
RELIANCE,fold_0,logistic_regression,0.46153846153846156,0.4192139737991266,0.4608923884514436,,,,
RELIANCE,fold_0,majority,0.5141700404858299,0.679144385026738,0.5,,,,
SBILIFE,fold_0,lstm,0.4939271255060729,0.6105919003115264,0.4185969992103185,0.25072431564331055,0.25072431564331055,0.024893288428966816,0.02489320360697233
SBILIFE,fold_0,random_forest,0.46963562753036436,0.0,0.4584759147143985,,,,
SBILIFE,fold_0,logistic_regression,0.4898785425101215,0.34375,0.5002632271650435,,,,
SBILIFE,fold_0,majority,0.5303643724696356,0.6931216931216931,0.5,,,,
SBIN,fold_0,lstm,0.46153846153846156,0.0,0.4930747922437673,0.25491249561309814,0.2532397508621216,0.07946014404296875,0.06837460398674011
SBIN,fold_0,random_forest,0.5020242914979757,0.39408866995073893,0.501187178472497,,,,
SBIN,fold_0,logistic_regression,0.4534412955465587,0.3076923076923077,0.48647935628545047,,,,
SBIN,fold_0,majority,0.46153846153846156,0.0,0.5,,,,
SHRIRAMFIN,fold_0,lstm,0.5344129554655871,0.484304932735426,0.5293307086614174,0.24909210205078125,0.24909210205078125,0.0184740984005484,0.0184738599819693
SHRIRAMFIN,fold_0,random_forest,0.5384615384615384,0.44660194174757284,0.5448162729658793,,,,
SHRIRAMFIN,fold_0,logistic_regression,0.4817813765182186,0.4336283185840708,0.4810367454068242,,,,
SHRIRAMFIN,fold_0,majority,0.48582995951417,0.6539509536784741,0.5,,,,
SUNPHARMA,fold_0,lstm,0.5344129554655871,0.0,0.5322793148880105,0.2484355866909027,0.24843572080135345,0.003373861312866211,0.0032806694507598877
SUNPHARMA,fold_0,random_forest,0.5101214574898786,0.15384615384615385,0.5266798418972332,,,,
SUNPHARMA,fold_0,logistic_regression,0.562753036437247,0.4807692307692308,0.5486166007905139,,,,
SUNPHARMA,fold_0,majority,0.5344129554655871,0.0,0.5,,,,
TATACONSUM,fold_0,lstm,0.5303643724696356,0.6847826086956522,0.5026260504201681,0.2495972216129303,0.24959731101989746,0.011177783432277108,0.011182789136523659
TATACONSUM,fold_0,random_forest,0.5384615384615384,0.5681818181818182,0.5409007352941176,,,,
TATACONSUM,fold_0,logistic_regression,0.5060728744939271,0.42452830188679247,0.5469406512605042,,,,
TATACONSUM,fold_0,majority,0.5182186234817814,0.6826666666666666,0.5,,,,
TATASTEEL,fold_0,lstm,0.4777327935222672,0.044444444444444446,0.49369747899159666,0.2526661455631256,0.25265541672706604,0.05572159630566956,0.05563112659010327
TATASTEEL,fold_0,random_forest,0.4817813765182186,0.15789473684210525,0.5056460084033614,,,,
TATASTEEL,fold_0,logistic_regression,0.5060728744939271,0.4019607843137255,0.48109243697478987,,,,
TATASTEEL,fold_0,majority,0.4817813765182186,0.0,0.5,,,,
TCS,fold_0,lstm,0.4777327935222672,0.6465753424657534,0.5029562475364604,0.25503212213516235,0.25501614809036255,0.07444432377815247,0.07433697581291199
TCS,fold_0,random_forest,0.5060728744939271,0.5793103448275863,0.5050584680068322,,,,
TCS,fold_0,logistic_regression,0.5020242914979757,0.3626943005181347,0.4739193272894495,,,,
TCS,fold_0,majority,0.4777327935222672,0.6465753424657534,0.5,,,,
TECHM,fold_0,lstm,0.44534412955465585,0.6096866096866097,0.4973457199734572,0.25251731276512146,0.25251710414886475,0.07375747363577005,0.07375625017200887
TECHM,fold_0,random_forest,0.4534412955465587,0.6041055718475073,0.5266755142667552,,,,
TECHM,fold_0,logistic_regression,0.5344129554655871,0.5021645021645021,0.5336429993364299,,,,
TECHM,fold_0,majority,0.44534412955465585,0.6162464985994398,0.5,,,,
TITAN,fold_0,lstm,0.5060728744939271,0.6720430107526881,0.5007868852459016,0.2531795799732208,0.25207316875457764,0.0552707314491272,0.04463106393814087
TITAN,fold_0,random_forest,0.4898785425101215,0.55,0.47724590163934427,,,,
TITAN,fold_0,logistic_regression,0.48582995951417,0.4899598393574297,0.460327868852459,,,,
TITAN,fold_0,majority,0.5060728744939271,0.6720430107526881,0.5,,,,
TRENT,fold_0,lstm,0.5263157894736842,0.5411764705882353,0.5214756258234519,0.2498050034046173,0.24980498850345612,0.03676755635844551,0.036767191732460666
TRENT,fold_0,random_forest,0.4979757085020243,0.3333333333333333,0.5028985507246376,,,,
TRENT,fold_0,logistic_regression,0.5263157894736842,0.6608695652173913,0.4391304347826087,,,,
TRENT,fold_0,majority,0.46558704453441296,0.0,0.5,,,,
ULTRACEMCO,fold_0,lstm,0.5344129554655871,0.46511627906976744,0.5710819672131147,0.24937239289283752,0.24937239289283752,0.029953441880492544,0.029953460823669124
ULTRACEMCO,fold_0,random_forest,0.4777327935222672,0.60790273556231,0.4276065573770492,,,,
ULTRACEMCO,fold_0,logistic_regression,0.5425101214574899,0.45410628019323673,0.5451147540983606,,,,
ULTRACEMCO,fold_0,majority,0.5060728744939271,0.6720430107526881,0.5,,,,
UPL,fold_0,lstm,0.4898785425101215,0.0,0.512331103240194,0.25086191296577454,0.2508618235588074,0.031708598136901855,0.03170722723007202
UPL,fold_0,random_forest,0.4817813765182186,0.07246376811594203,0.4397218942673488,,,,
UPL,fold_0,logistic_regression,0.5222672064777328,0.3058823529411765,0.5610651974288338,,,,
UPL,fold_0,majority,0.5101214574898786,0.675603217158177,0.5,,,,
WIPRO,fold_0,lstm,0.46558704453441296,0.6353591160220995,0.47654808959156786,0.2544088065624237,0.2544088065624237,0.06999322772026062,0.0699932873249054
WIPRO,fold_0,random_forest,0.46558704453441296,0.5686274509803921,0.48425559947299074,,,,
WIPRO,fold_0,logistic_regression,0.5668016194331984,0.5770750988142292,0.6025691699604744,,,,
WIPRO,fold_0,majority,0.46558704453441296,0.6353591160220995,0.5,,,,
ADANIENT,fold_1,lstm,0.4816326530612245,0.650137741046832,0.49439476845055386,0.2550598978996277,0.25508570671081543,0.0696176290512085,0.06978130340576172
ADANIENT,fold_1,random_forest,0.5265306122448979,0.3176470588235294,0.525623915654611,,,,
ADANIENT,fold_1,logistic_regression,0.5183673469387755,0.5083333333333333,0.5192179367409583,,,,
ADANIENT,fold_1,majority,0.4816326530612245,0.650137741046832,0.5,,,,
APOLLOHOSP,fold_1,lstm,0.49795918367346936,0.6648501362397821,0.5019992003198721,0.2505529224872589,0.25055238604545593,0.02324986457824707,0.02323901653289795
APOLLOHOSP,fold_1,random_forest,0.4857142857142857,0.45689655172413796,0.4968679194988671,,,,
APOLLOHOSP,fold_1,logistic_regression,0.5020408163265306,0.6347305389221557,0.5089297614287618,,,,
APOLLOHOSP,fold_1,majority,0.5020408163265306,0.0,0.5,,,,
ASIANPAINT,fold_1,lstm,0.4897959183673469,0.2331288343558282,0.44743555316863587,0.251864492893219,0.2518645226955414,0.05478278714783338,0.05478288446153913
ASIANPAINT,fold_1,random_forest,0.46938775510204084,0.4298245614035088,0.4677094522019334,,,,
ASIANPAINT,fold_1,logistic_regression,0.45714285714285713,0.44813278008298757,0.4459586466165413,,,,
ASIANPAINT,fold_1,majority,0.5428571428571428,0.7037037037037037,0.5,,,,
AXISBANK,fold_1,lstm,0.46938775510204084,0.0,0.5253511705685618,0.2523484528064728,0.2523414194583893,0.05787104368209839,0.05780932307243347
AXISBANK,fold_1,random_forest,0.46938775510204084,0.0,0.46856187290969903,,,,
AXISBANK,fold_1,logistic_regression,0.5142857142857142,0.41379310344827586,0.5678929765886288,,,,
AXISBANK,fold_1,majority,0.5306122448979592,0.6933333333333334,0.5,,,,
BAJAJ-AUTO,fold_1,lstm,0.46938775510204084,0.0,0.4985953177257525,0.25189870595932007,0.25189870595932007,0.054078131914138794,0.05407807230949402
BAJAJ-AUTO,fold_1,random_forest,0.49795918367346936,0.16326530612244897,0.5210033444816053,,,,
BAJAJ-AUTO,fold_1,logistic_regression,0.49387755102040815,0.3404255319148936,0.48909698996655515,,,,
BAJAJ-AUTO,fold_1,majority,0.46938775510204084,0.0,0.5,,,,
BAJAJFINSV,fold_1,lstm,0.49795918367346936,0.6648501362397821,0.4967346394775423,0.25060003995895386,0.25059792399406433,0.02367115020751953,0.02362978458404541
BAJAJFINSV,fold_1,random_forest,0.4816326530612245,0.6402266288951841,0.4817406370785019,,,,
BAJAJFINSV,fold_1,logistic_regression,0.5020408163265306,0.49586776859504134,0.4777422364387578,,,,
BAJAJFINSV,fold_1,majority,0.49795918367346936,0.6648501362397821,0.5,,,,
BAJFINANCE,fold_1,lstm,0.49795918367346936,0.5913621262458472,0.5002669157880688,0.250887930393219,0.250887930393219,0.030878839200856732,0.030878757700628163
BAJFINANCE,fold_1,random_forest,0.46938775510204084,0.5185185185185185,0.4620312291472041,,,,
BAJFINANCE,fold_1,logistic_regression,0.4775510204081633,0.564625850340136,0.418457226744962,,,,
BAJFINANCE,fold_1,majority,0.5183673469387755,0.0,0.5,,,,
BHARTIARTL,fold_1,lstm,0.49795918367346936,0.0,0.46754631480741043,0.25159725546836853,0.2515884339809418,0.037903934717178345,0.037794262170791626
BHARTIARTL,fold_1,random_forest,0.49795918367346936,0.0,0.5082633613221378,,,,
BHARTIARTL,fold_1,logistic_regression,0.5102040816326531,0.09090909090909091,0.5023324003731842,,,,
BHARTIARTL,fold_1,majority,0.49795918367346936,0.0,0.5,,,,
BPCL,fold_1,lstm,0.5224489795918368,0.5482625482625483,0.5161571466881202,0.25071340799331665,0.250713050365448,0.04164970553651148,0.041648694203824416
BPCL,fold_1,random_forest,0.49795918367346936,0.6455331412103746,0.4941002949852507,,,,
BPCL,fold_1,logistic_regression,0.5102040816326531,0.5652173913043478,0.5466613032984714,,,,
BPCL,fold_1,majority,0.46122448979591835,0.0,0.5,,,,
BRITANNIA,fold_1,lstm,0.5061224489795918,0.4423963133640553,0.5211466165413534,0.2500200569629669,0.2500200569629669,0.0471672066620418,0.0471672066620418
BRITANNIA,fold_1,random_forest,0.4530612244897959,0.0,0.4992615467239528,,,,
BRITANNIA,fold_1,logistic_regression,0.5306122448979592,0.460093896713615,0.5458512352309344,,,,
BRITANNIA,fold_1,majority,0.5428571428571428,0.7037037037037037,0.5,,,,
CIPLA,fold_1,lstm,0.5061224489795918,0.0,0.4814049586776859,0.25086063146591187,0.25086066126823425,0.025154680013656616,0.025154978036880493
CIPLA,fold_1,random_forest,0.4897959183673469,0.20382165605095542,0.4774726739536124,,,,
CIPLA,fold_1,logistic_regression,0.49795918367346936,0.49795918367346936,0.4683417755265263,,,,
CIPLA,fold_1,majority,0.5061224489795918,0.0,0.5,,,,
COALINDIA,fold_1,lstm,0.4897959183673469,0.0,0.4891333333333334,0.25095146894454956,0.2509482204914093,0.031125545501708984,0.031077265739440918
COALINDIA,fold_1,random_forest,0.5102040816326531,0.3548387096774194,0.5373333333333333,,,,
COALINDIA,fold_1,logistic_regression,0.49795918367346936,0.5138339920948617,0.5053333333333333,,,,
COALINDIA,fold_1,majority,0.4897959183673469,0.0,0.5,,,,
DIVISLAB,fold_1,lstm,0.5020408163265306,0.659217877094972,0.4769394828045854,0.25096434354782104,0.25096309185028076,0.027882296333507615,0.027863120911072712
DIVISLAB,fold_1,random_forest,0.47346938775510206,0.568561872909699,0.5147960543854974,,,,
DIVISLAB,fold_1,logistic_regression,0.46530612244897956,0.490272373540856,0.4562116768861637,,,,
DIVISLAB,fold_1,majority,0.5061224489795918,0.6720867208672087,0.5,,,,
DRREDDY,fold_1,lstm,0.563265306122449,0.65814696485623,0.5304713804713804,0.24869337677955627,0.24869340658187866,0.05115181755046456,0.05115228879208468
DRREDDY,fold_1,random_forest,0.5183673469387755,0.4537037037037037,0.566868686868687,,,,
DRREDDY,fold_1,logistic_regression,0.4857142857142857,0.5298507462686567,0.4781818181818182,,,,
DRREDDY,fold_1,majority,0.4489795918367347,0.0,0.5,,,,
EICHERMOT,fold_1,lstm,0.46938775510204084,0.0,0.5362541806020067,0.2542569935321808,0.2542480528354645,0.07380574941635132,0.07374277710914612
EICHERMOT,fold_1,random_forest,0.46530612244897956,0.10884353741496598,0.4664214046822742,,,,
EICHERMOT,fold_1,logistic_regression,0.5102040816326531,0.5161290322580645,0.4682943143812709,,,,
EICHERMOT,fold_1,majority,0.5306122448979592,0.6933333333333334,0.5,,,,
GRASIM,fold_1,lstm,0.4857142857142857,0.5531914893617021,0.4806395035078251,0.25000301003456116,0.25000301003456116,0.05482918571452706,0.05482918571452706
GRASIM,fold_1,random_forest,0.46938775510204084,0.26136363636363635,0.5213842417701025,,,,
GRASIM,fold_1,logistic_regression,0.5142857142857142,0.4892703862660944,0.5482325957906098,,,,
GRASIM,fold_1,majority,0.5551020408163265,0.7139107611548556,0.5,,,,
HCLTECH,fold_1,lstm,0.5346938775510204,0.6968085106382979,0.4977233159233963,0.249446839094162,0.24911333620548248,0.01439899206161499,0.0016940832138061523
HCLTECH,fold_1,random_forest,0.5591836734693878,0.6538461538461539,0.5595285924735502,,,,
HCLTECH,fold_1,logistic_regression,0.5183673469387755,0.5902777777777778,0.499330387036293,,,,
HCLTECH,fold_1,majority,0.5346938775510204,0.6968085106382979,0.5,,,,
HDFCBANK,fold_1,lstm,0.47346938775510206,0.0,0.4922480620155039,0.25220152735710144,0.2522013485431671,0.05363887548446655,0.0536370575428009
HDFCBANK,fold_1,random_forest,0.4816326530612245,0.045112781954887216,0.4792167869553596,,,,
HDFCBANK,fold_1,logistic_regression,0.4857142857142857,0.58,0.4542902967121091,,,,
HDFCBANK,fold_1,majority,0.47346938775510206,0.0,0.5,,,,
HEROMOTOCO,fold_1,lstm,0.43673469387755104,0.3235294117647059,0.4528061224489795,0.25846606492996216,0.2584661543369293,0.10330702042093082,0.10330740772947973
HEROMOTOCO,fold_1,random_forest,0.5346938775510204,0.5327868852459017,0.562298603651987,,,,
HEROMOTOCO,fold_1,logistic_regression,0.5142857142857142,0.5220883534136547,0.49429377013963477,,,,
HEROMOTOCO,fold_1,majority,0.45714285714285713,0.0,0.5,,,,
HINDALCO,fold_1,lstm,0.4816326530612245,0.0,0.4890564526891765,0.25130945444107056,0.25130942463874817,0.04118901491165161,0.041188955307006836
HINDALCO,fold_1,random_forest,0.4775510204081633,0.015384615384615385,0.45275590551181105,,,,
HINDALCO,fold_1,logistic_regression,0.5102040816326531,0.52,0.49372747898038166,,,,
HINDALCO,fold_1,majority,0.5183673469387755,0.6827956989247311,0.5,,,,
HINDUNILVR,fold_1,lstm,0.5142857142857142,0.6198083067092651,0.5140610422497668,0.25007620453834534,0.2500762641429901,0.01683679454180659,0.016837506148279932
HINDUNILVR,fold_1,random_forest,0.5183673469387755,0.48695652173913045,0.5098627215780355,,,,
HINDUNILVR,fold_1,logistic_regression,0.5265306122448979,0.6027397260273972,0.5216580034652806,,,,
HINDUNILVR,fold_1,majority,0.49795918367346936,0.6648501362397821,0.5,,,,
ICICIBANK,fold_1,lstm,0.5061224489795918,0.5468164794007491,0.5137620837808808,0.249754399061203,0.2497544139623642,0.04188287331133472,0.04188287331133472
ICICIBANK,fold_1,random_forest,0.46122448979591835,0.029411764705882353,0.5071831364124597,,,,
ICICIBANK,fold_1,logistic_regression,0.5346938775510204,0.5899280575539568,0.50906283566058,,,,
ICICIBANK,fold_1,majority,0.45714285714285713,0.0,0.5,,,,
INDIGO,fold_1,lstm,0.43673469387755104,0.2736842105263158,0.4715480597833539,0.25972914695739746,0.2597554326057434,0.11754451211617918,0.11761889214418372
INDIGO,fold_1,random_forest,0.4897959183673469,0.48132780082987553,0.4958864664747018,,,,
INDIGO,fold_1,logistic_regression,0.4816326530612245,0.5058365758754864,0.5026737967914439,,,,
INDIGO,fold_1,majority,0.5836734693877551,0.7371134020618557,0.5,,,,
INDUSINDBK,fold_1,lstm,0.5061224489795918,0.6684931506849315,0.5079407446950487,0.2497040033340454,0.2497040033340454,0.00809223311288016,0.008091950416564941
INDUSINDBK,fold_1,random_forest,0.4816326530612245,0.40375586854460094,0.49873215000667287,,,,
INDUSINDBK,fold_1,logistic_regression,0.5306122448979592,0.5344129554655871,0.5576538102228746,,,,
INDUSINDBK,fold_1,majority,0.4816326530612245,0.0,0.5,,,,
INFY,fold_1,lstm,0.49387755102040815,0.6612021857923497,0.48433750999733405,0.2518845796585083,0.25121405720710754,0.04360362887382507,0.035291701555252075
INFY,fold_1,random_forest,0.5428571428571428,0.6666666666666666,0.5858437749933351,,,,
INFY,fold_1,logistic_regression,0.563265306122449,0.6192170818505338,0.5883764329512131,,,,
INFY,fold_1,majority,0.49387755102040815,0.6612021857923497,0.5,,,,
ITC,fold_1,lstm,0.4489795918367347,0.0,0.5511784511784511,0.25700995326042175,0.254275918006897,0.1011362373828888,0.08553355932235718
ITC,fold_1,random_forest,0.4489795918367347,0.0,0.5422222222222222,,,,
ITC,fold_1,logistic_regression,0.4530612244897959,0.23863636363636365,0.5006060606060606,,,,
ITC,fold_1,majority,0.4489795918367347,0.0,0.5,,,,
JSWSTEEL,fold_1,lstm,0.4775510204081633,0.0,0.5271768162393162,0.2503820061683655,0.2503819763660431,0.03098234534263611,0.030982404947280884
JSWSTEEL,fold_1,random_forest,0.5714285714285714,0.6125461254612546,0.5950854700854702,,,,
JSWSTEEL,fold_1,logistic_regression,0.5265306122448979,0.4368932038834951,0.5285122863247863,,,,
JSWSTEEL,fold_1,majority,0.5224489795918368,0.6863270777479893,0.5,,,,
KOTAKBANK,fold_1,lstm,0.49795918367346936,0.15172413793103448,0.5220088035214085,0.2503346800804138,0.25033462047576904,0.02720932595583857,0.02720879000060412
KOTAKBANK,fold_1,random_forest,0.47346938775510206,0.44635193133047213,0.4737228224623183,,,,
KOTAKBANK,fold_1,logistic_regression,0.5061224489795918,0.6388059701492538,0.4348406029078298,,,,
KOTAKBANK,fold_1,majority,0.5142857142857142,0.6792452830188679,0.5,,,,
LT,fold_1,lstm,0.43673469387755104,0.0,0.451984288229717,0.25545889139175415,0.25545719265937805,0.09562847018241882,0.09562012553215027
LT,fold_1,random_forest,0.4857142857142857,0.5116279069767442,0.4962752268725451,,,,
LT,fold_1,logistic_regression,0.45714285714285713,0.2887700534759358,0.45137477989976976,,,,
LT,fold_1,majority,0.43673469387755104,0.0,0.5,,,,
MARUTI,fold_1,lstm,0.46530612244897956,0.0,0.5490826302397214,0.2531290054321289,0.2531285881996155,0.0700782835483551,0.07007503509521484
MARUTI,fold_1,random_forest,0.5265306122448979,0.41414141414141414,0.5470068300522297,,,,
MARUTI,fold_1,logistic_regression,0.5183673469387755,0.4485981308411215,0.5492835141288335,,,,
MARUTI,fold_1,majority,0.46530612244897956,0.0,0.5,,,,
MM,fold_1,lstm,0.4448979591836735,0.0,0.45635456017269294,0.25148895382881165,0.25148895382881165,0.06652876734733582,0.06652870774269104
MM,fold_1,random_forest,0.44081632653061226,0.0,0.5881003777657853,,,,
MM,fold_1,logistic_regression,0.5102040816326531,0.4827586206896552,0.5109282245008095,,,,
MM,fold_1,majority,0.4448979591836735,0.0,0.5,,,,
NESTLEIND,fold_1,lstm,0.45714285714285713,0.3316582914572864,0.4822908313285219,0.2521670460700989,0.2521670460700989,0.06434147698538645,0.06434141738074166
NESTLEIND,fold_1,random_forest,0.47346938775510206,0.29508196721311475,0.5044774124565625,,,,
NESTLEIND,fold_1,logistic_regression,0.5061224489795918,0.5663082437275986,0.5378909382518043,,,,
NESTLEIND,fold_1,majority,0.47346938775510206,0.0,0.5,,,,
NTPC,fold_1,lstm,0.44081632653061226,0.0,0.5007434441741011,0.2594526410102844,0.25941210985183716,0.11307021975517273,0.11289340257644653
NTPC,fold_1,random_forest,0.46530612244897956,0.12080536912751678,0.530346039470127,,,,
NTPC,fold_1,logistic_regression,0.4775510204081633,0.2808988764044944,0.5154095701540957,,,,
NTPC,fold_1,majority,0.44081632653061226,0.0,0.5,,,,
ONGC,fold_1,lstm,0.45714285714285713,0.0,0.48167293233082703,0.25353482365608215,0.25353482365608215,0.06771835684776306,0.06771835684776306
ONGC,fold_1,random_forest,0.49795918367346936,0.5858585858585859,0.4863721804511278,,,,
ONGC,fold_1,logistic_regression,0.4816326530612245,0.4940239043824701,0.46690386680988183,,,,
ONGC,fold_1,majority,0.45714285714285713,0.0,0.5,,,,
POWERGRID,fold_1,lstm,0.4122448979591837,0.0,0.46651540154015403,0.2626629173755646,0.2626504600048065,0.1422138214111328,0.14217039942741394
POWERGRID,fold_1,random_forest,0.4816326530612245,0.36180904522613067,0.5468921892189218,,,,
POWERGRID,fold_1,logistic_regression,0.46938775510204084,0.39814814814814814,0.5376787678767876,,,,
POWERGRID,fold_1,majority,0.4122448979591837,0.0,0.5,,,,
RELIANCE,fold_1,lstm,0.5183673469387755,0.6775956284153005,0.45529160549846526,0.2505641579627991,0.25056490302085876,0.001119717529841832,0.0011338752143237056
RELIANCE,fold_1,random_forest,0.5306122448979592,0.6179401993355482,0.5643934338716134,,,,
RELIANCE,fold_1,logistic_regression,0.46938775510204084,0.4090909090909091,0.45782730548511946,,,,
RELIANCE,fold_1,majority,0.5183673469387755,0.6827956989247311,0.5,,,,
SBILIFE,fold_1,lstm,0.5183673469387755,0.6827956989247311,0.49846523421860406,0.24967828392982483,0.24967828392982483,0.0020759105682373047,0.0020757317543029785
SBILIFE,fold_1,random_forest,0.5551020408163265,0.6007326007326007,0.5641265180835446,,,,
SBILIFE,fold_1,logistic_regression,0.49795918367346936,0.5287356321839081,0.5121446683571333,,,,
SBILIFE,fold_1,majority,0.5183673469387755,0.6827956989247311,0.5,,,,
SBIN,fold_1,lstm,0.5061224489795918,0.6084142394822006,0.4811752050558021,0.24994215369224548,0.2499421387910843,0.03911489248275757,0.03911489248275757
SBIN,fold_1,random_forest,0.47346938775510206,0.46473029045643155,0.5063869839989243,,,,
SBIN,fold_1,logistic_regression,0.5183673469387755,0.6066666666666667,0.5134462821029986,,,,
SBIN,fold_1,majority,0.4530612244897959,0.0,0.5,,,,
SHRIRAMFIN,fold_1,lstm,0.5224489795918368,0.13333333333333333,0.5189924030387845,0.2525325417518616,0.2525325417518616,0.04993876413423188,0.04993890523910523
SHRIRAMFIN,fold_1,random_forest,0.4775510204081633,0.26436781609195403,0.5085299213647875,,,,
SHRIRAMFIN,fold_1,logistic_regression,0.4775510204081633,0.2967032967032967,0.5339197654271626,,,,
SHRIRAMFIN,fold_1,majority,0.49795918367346936,0.6648501362397821,0.5,,,,
SUNPHARMA,fold_1,lstm,0.4857142857142857,0.0,0.46972122182206216,0.25195997953414917,0.25196021795272827,0.04282066226005554,0.04282316565513611
SUNPHARMA,fold_1,random_forest,0.4775510204081633,0.1794871794871795,0.5298786181139122,,,,
SUNPHARMA,fold_1,logistic_regression,0.5387755102040817,0.5191489361702127,0.5381485927704416,,,,
SUNPHARMA,fold_1,majority,0.4857142857142857,0.0,0.5,,,,
TATACONSUM,fold_1,lstm,0.5183673469387755,0.6549707602339181,0.4438809555585213,0.2515813112258911,0.2515812814235687,0.003787592965729382,0.0037873691442061445
TATACONSUM,fold_1,random_forest,0.46122448979591835,0.3944954128440367,0.45202188709462165,,,,
TATACONSUM,fold_1,logistic_regression,0.5224489795918368,0.5551330798479087,0.4900573868944348,,,,
TATACONSUM,fold_1,majority,0.5183673469387755,0.6827956989247311,0.5,,,,
TATASTEEL,fold_1,lstm,0.5020408163265306,0.6369047619047619,0.46584973885094416,0.25008904933929443,0.25008901953697205,0.023169047978459572,0.02316967686828302
TATASTEEL,fold_1,random_forest,0.46938775510204084,0.38095238095238093,0.49035757332261953,,,,
TATASTEEL,fold_1,logistic_regression,0.5387755102040817,0.5271966527196653,0.558256327842507,,,,
TATASTEEL,fold_1,majority,0.5346938775510204,0.6968085106382979,0.5,,,,
TCS,fold_1,lstm,0.5061224489795918,0.6720867208672087,0.5532524660090642,0.2503727376461029,0.2499752640724182,0.03339630365371704,0.023608267307281494
TCS,fold_1,random_forest,0.563265306122449,0.5900383141762452,0.5881098373766995,,,,
TCS,fold_1,logistic_regression,0.5102040816326531,0.4690265486725664,0.542655291922154,,,,
TCS,fold_1,majority,0.5061224489795918,0.6720867208672087,0.5,,,,
TECHM,fold_1,lstm,0.49795918367346936,0.6648501362397821,0.43342662934826076,0.25147515535354614,0.25086072087287903,0.02840179204940796,0.020181894302368164
TECHM,fold_1,random_forest,0.4448979591836735,0.4603174603174603,0.45155271224843396,,,,
TECHM,fold_1,logistic_regression,0.4857142857142857,0.46153846153846156,0.48540583766493406,,,,
TECHM,fold_1,majority,0.49795918367346936,0.6648501362397821,0.5,,,,
TITAN,fold_1,lstm,0.5387755102040817,0.7002652519893899,0.48980960042906946,0.24913394451141357,0.24913407862186432,0.01918470859527588,0.019191384315490723
TITAN,fold_1,random_forest,0.5428571428571428,0.6972972972972973,0.5189729149906142,,,,
TITAN,fold_1,logistic_regression,0.4775510204081633,0.47107438016528924,0.4820997586484312,,,,
TITAN,fold_1,majority,0.5387755102040817,0.7002652519893899,0.5,,,,
TRENT,fold_1,lstm,0.4816326530612245,0.563573883161512,0.470404984423676,0.25108209252357483,0.2510821521282196,0.05171779296836075,0.0517174100389286
TRENT,fold_1,random_forest,0.42857142857142855,0.3269230769230769,0.4339699309223893,,,,
TRENT,fold_1,logistic_regression,0.5428571428571428,0.6906077348066298,0.4432480021671408,,,,
TRENT,fold_1,majority,0.43673469387755104,0.0,0.5,,,,
ULTRACEMCO,fold_1,lstm,0.4489795918367347,0.08163265306122448,0.5130367059460923,0.2524179220199585,0.2524230480194092,0.08132306142729157,0.08135586003867948
ULTRACEMCO,fold_1,random_forest,0.49387755102040815,0.38,0.5413111201408641,,,,
ULTRACEMCO,fold_1,logistic_regression,0.5142857142857142,0.34972677595628415,0.5602058783692266,,,,
ULTRACEMCO,fold_1,majority,0.563265306122449,0.720626631853786,0.5,,,,
UPL,fold_1,lstm,0.5183673469387755,0.5874125874125874,0.5293645484949833,0.2499357908964157,0.2499357908964157,0.03408769502931712,0.03408781983414475
UPL,fold_1,random_forest,0.4897959183673469,0.4444444444444444,0.4806020066889632,,,,
UPL,fold_1,logistic_regression,0.5265306122448979,0.45794392523364486,0.537324414715719,,,,
UPL,fold_1,majority,0.46938775510204084,0.6388888888888888,0.5,,,,
WIPRO,fold_1,lstm,0.4775510204081633,0.6342857142857142,0.516989966555184,0.2512134611606598,0.2512100040912628,0.048013550286390344,0.04797676448919335
WIPRO,fold_1,random_forest,0.49795918367346936,0.5099601593625498,0.49471571906354517,,,,
WIPRO,fold_1,logistic_regression,0.5142857142857142,0.43601895734597157,0.5134448160535118,,,,
WIPRO,fold_1,majority,0.46938775510204084,0.6388888888888888,0.5,,,,
