fold,date,up_tickers,up_precision,down_tickers,down_precision
fold_0,2022-01-03,"['TATACONSUM', 'DIVISLAB', 'HINDUNILVR']",0.3333333333333333,"['LT', 'JSWSTEEL', 'HINDALCO']",0.6666666666666666
fold_0,2022-01-04,"['TATACONSUM', 'DIVISLAB', 'HINDUNILVR']",0.3333333333333333,"['LT', 'JSWSTEEL', 'HINDALCO']",0.3333333333333333
fold_0,2022-01-05,"['TATACONSUM', 'DIVISLAB', 'HINDUNILVR']",0.0,"['LT', 'JSWSTEEL', 'HINDALCO']",0.6666666666666666
fold_0,2022-01-06,"['TATACONSUM', 'DIVISLAB', 'HINDUNILVR']",1.0,"['LT', 'JSWSTEEL', 'HINDALCO']",0.6666666666666666
fold_0,2022-01-07,"['TATACONSUM', 'DIVISLAB', 'TITAN']",0.3333333333333333,"['LT', 'JSWSTEEL', 'HINDALCO']",0.0
fold_0,2022-01-10,"['TATACONSUM', 'DIVISLAB', 'TITAN']",0.6666666666666666,"['LT', 'JSWSTEEL', 'POWERGRID']",0.6666666666666666
fold_0,2022-01-11,"['TATACONSUM', 'DIVISLAB', 'TITAN']",0.0,"['LT', 'JSWSTEEL', 'POWERGRID']",0.0
fold_0,2022-01-12,"['TATACONSUM', 'DIVISLAB', 'TITAN']",0.6666666666666666,"['LT', 'JSWSTEEL', 'POWERGRID']",0.0
fold_0,2022-01-13,"['TATACONSUM', 'DIVISLAB', 'TITAN']",0.6666666666666666,"['LT', 'POWERGRID', 'JSWSTEEL']",0.6666666666666666
fold_0,2022-01-14,"['TATACONSUM', 'DIVISLAB', 'TITAN']",0.6666666666666666,"['LT', 'POWERGRID', 'JSWSTEEL']",0.3333333333333333
fold_0,2022-01-17,"['TATACONSUM', 'DIVISLAB', 'TITAN']",0.3333333333333333,"['LT', 'POWERGRID', 'JSWSTEEL']",1.0
fold_0,2022-01-18,"['TATACONSUM', 'DIVISLAB', 'TITAN']",0.0,"['LT', 'POWERGRID', 'JSWSTEEL']",0.6666666666666666
fold_0,2022-01-19,"['TATACONSUM', 'DIVISLAB', 'TITAN']",0.3333333333333333,"['LT', 'POWERGRID', 'JSWSTEEL']",0.3333333333333333
fold_0,2022-01-20,"['TATACONSUM', 'DIVISLAB', 'TITAN']",0.0,"['LT', 'POWERGRID', 'JSWSTEEL']",0.6666666666666666
fold_0,2022-01-21,"['TATACONSUM', 'DIVISLAB', 'TITAN']",0.0,"['LT', 'POWERGRID', 'JSWSTEEL']",1.0
fold_0,2022-01-24,"['TATACONSUM', 'DIVISLAB', 'TITAN']",0.3333333333333333,"['LT', 'POWERGRID', 'JSWSTEEL']",0.0
fold_0,2022-01-25,"['TATACONSUM', 'DIVISLAB', 'TITAN']",0.0,"['LT', 'POWERGRID', 'JSWSTEEL']",0.6666666666666666
fold_0,2022-01-27,"['TATACONSUM', 'DIVISLAB', 'TITAN']",1.0,"['LT', 'POWERGRID', 'JSWSTEEL']",1.0
fold_0,2022-01-28,"['TATACONSUM', 'DIVISLAB', 'TITAN']",1.0,"['LT', 'POWERGRID', 'JSWSTEEL']",0.0
fold_0,2022-01-31,"['TATACONSUM', 'DIVISLAB', 'TITAN']",1.0,"['LT', 'POWERGRID', 'JSWSTEEL']",0.3333333333333333
fold_0,2022-02-01,"['TATACONSUM', 'DIVISLAB', 'TITAN']",1.0,"['LT', 'POWERGRID', 'JSWSTEEL']",0.3333333333333333
fold_0,2022-02-02,"['TATACONSUM', 'DIVISLAB', 'TITAN']",0.3333333333333333,"['LT', 'POWERGRID', 'JSWSTEEL']",1.0
fold_0,2022-02-03,"['TATACONSUM', 'DIVISLAB', 'TITAN']",0.6666666666666666,"['LT', 'POWERGRID', 'JSWSTEEL']",0.3333333333333333
fold_0,2022-02-04,"['TATACONSUM', 'TITAN', 'DIVISLAB']",0.0,"['LT', 'POWERGRID', 'JSWSTEEL']",0.6666666666666666
fold_0,2022-02-07,"['TATACONSUM', 'TCS', 'TITAN']",0.3333333333333333,"['LT', 'POWERGRID', 'JSWSTEEL']",0.6666666666666666
fold_0,2022-02-08,"['TATACONSUM', 'TCS', 'TITAN']",1.0,"['LT', 'POWERGRID', 'JSWSTEEL']",0.0
fold_0,2022-02-09,"['TATACONSUM', 'TCS', 'TITAN']",0.6666666666666666,"['LT', 'POWERGRID', 'JSWSTEEL']",0.0
fold_0,2022-02-10,"['TATACONSUM', 'TCS', 'DIVISLAB']",0.0,"['LT', 'POWERGRID', 'JSWSTEEL']",1.0
fold_0,2022-02-11,"['TATACONSUM', 'TCS', 'DIVISLAB']",0.3333333333333333,"['LT', 'POWERGRID', 'JSWSTEEL']",1.0
fold_0,2022-02-14,"['TCS', 'TATACONSUM', 'INFY']",1.0,"['LT', 'POWERGRID', 'NTPC']",0.0
fold_0,2022-02-15,"['TCS', 'TATACONSUM', 'INFY']",0.0,"['LT', 'POWERGRID', 'NTPC']",1.0
fold_0,2022-02-16,"['TCS', 'TATACONSUM', 'INFY']",0.3333333333333333,"['LT', 'POWERGRID', 'NTPC']",0.3333333333333333
fold_0,2022-02-17,"['TCS', 'TATACONSUM', 'INFY']",0.3333333333333333,"['LT', 'NTPC', 'POWERGRID']",0.6666666666666666
fold_0,2022-02-18,"['TCS', 'TATACONSUM', 'INFY']",0.3333333333333333,"['LT', 'NTPC', 'POWERGRID']",0.6666666666666666
fold_0,2022-02-21,"['TCS', 'TATACONSUM', 'INFY']",0.6666666666666666,"['LT', 'NTPC', 'POWERGRID']",1.0
fold_0,2022-02-22,"['TCS', 'TATACONSUM', 'INFY']",0.6666666666666666,"['LT', 'NTPC', 'POWERGRID']",0.6666666666666666
fold_0,2022-02-23,"['TCS', 'TATACONSUM', 'INFY']",0.0,"['LT', 'NTPC', 'POWERGRID']",1.0
fold_0,2022-02-24,"['TCS', 'TATACONSUM', 'INFY']",1.0,"['LT', 'NTPC', 'POWERGRID']",0.0
fold_0,2022-02-25,"['TCS', 'TATACONSUM', 'INFY']",1.0,"['LT', 'POWERGRID', 'JSWSTEEL']",0.0
fold_0,2022-02-28,"['TCS', 'INFY', 'TATACONSUM']",0.0,"['LT', 'JSWSTEEL', 'POWERGRID']",0.3333333333333333
fold_0,2022-03-02,"['TCS', 'INFY', 'TATACONSUM']",0.3333333333333333,"['LT', 'JSWSTEEL', 'POWERGRID']",0.3333333333333333
fold_0,2022-03-03,"['TCS', 'INFY', 'TATACONSUM']",0.3333333333333333,"['LT', 'JSWSTEEL', 'POWERGRID']",1.0
fold_0,2022-03-04,"['TCS', 'INFY', 'TATACONSUM']",0.3333333333333333,"['LT', 'JSWSTEEL', 'POWERGRID']",0.6666666666666666
fold_0,2022-03-07,"['TCS', 'INFY', 'TATACONSUM']",1.0,"['LT', 'JSWSTEEL', 'POWERGRID']",0.6666666666666666
fold_0,2022-03-08,"['TCS', 'INFY', 'TATACONSUM']",1.0,"['LT', 'JSWSTEEL', 'POWERGRID']",0.6666666666666666
fold_0,2022-03-09,"['TCS', 'TATACONSUM', 'INFY']",0.6666666666666666,"['LT', 'JSWSTEEL', 'POWERGRID']",0.0
fold_0,2022-03-10,"['TCS', 'TATACONSUM', 'INFY']",0.0,"['LT', 'JSWSTEEL', 'POWERGRID']",0.0
fold_0,2022-03-11,"['TCS', 'TATACONSUM', 'DIVISLAB']",1.0,"['LT', 'JSWSTEEL', 'POWERGRID']",0.3333333333333333
fold_0,2022-03-14,"['TCS', 'TATACONSUM', 'DIVISLAB']",0.3333333333333333,"['LT', 'JSWSTEEL', 'POWERGRID']",1.0
fold_0,2022-03-15,"['TCS', 'TATACONSUM', 'DIVISLAB']",0.6666666666666666,"['LT', 'JSWSTEEL', 'POWERGRID']",0.3333333333333333
fold_0,2022-03-16,"['TATACONSUM', 'TCS', 'DIVISLAB']",1.0,"['LT', 'JSWSTEEL', 'POWERGRID']",0.0
fold_0,2022-03-17,"['TATACONSUM', 'DIVISLAB', 'TCS']",0.0,"['LT', 'JSWSTEEL', 'POWERGRID']",1.0
fold_0,2022-03-21,"['DIVISLAB', 'TATACONSUM', 'TCS']",1.0,"['LT', 'JSWSTEEL', 'POWERGRID']",0.0
fold_0,2022-03-22,"['DIVISLAB', 'TATACONSUM', 'TCS']",0.6666666666666666,"['LT', 'JSWSTEEL', 'POWERGRID']",0.3333333333333333
fold_0,2022-03-23,"['DIVISLAB', 'TATACONSUM', 'TITAN']",0.0,"['LT', 'JSWSTEEL', 'POWERGRID']",0.0
fold_0,2022-03-24,"['DIVISLAB', 'TATACONSUM', 'TITAN']",0.0,"['LT', 'JSWSTEEL', 'POWERGRID']",0.6666666666666666
fold_0,2022-03-25,"['DIVISLAB', 'TATACONSUM', 'TITAN']",0.6666666666666666,"['LT', 'JSWSTEEL', 'POWERGRID']",0.3333333333333333
fold_0,2022-03-28,"['DIVISLAB', 'TATACONSUM', 'TITAN']",1.0,"['LT', 'JSWSTEEL', 'POWERGRID']",0.3333333333333333
fold_0,2022-03-29,"['DIVISLAB', 'TITAN', 'TATACONSUM']",0.3333333333333333,"['LT', 'JSWSTEEL', 'POWERGRID']",0.3333333333333333
fold_0,2022-03-30,"['DIVISLAB', 'TITAN', 'TATACONSUM']",0.6666666666666666,"['LT', 'POWERGRID', 'JSWSTEEL']",0.6666666666666666
fold_0,2022-03-31,"['DIVISLAB', 'TITAN', 'TATACONSUM']",0.3333333333333333,"['LT', 'POWERGRID', 'BHARTIARTL']",0.0
fold_0,2022-04-01,"['DIVISLAB', 'TITAN', 'TATACONSUM']",0.3333333333333333,"['LT', 'POWERGRID', 'BHARTIARTL']",0.0
fold_0,2022-04-04,"['DIVISLAB', 'TITAN', 'TATACONSUM']",0.6666666666666666,"['LT', 'POWERGRID', 'BHARTIARTL']",0.3333333333333333
fold_0,2022-04-05,"['DIVISLAB', 'TITAN', 'TATACONSUM']",0.3333333333333333,"['LT', 'POWERGRID', 'BHARTIARTL']",0.0
fold_0,2022-04-06,"['DIVISLAB', 'TITAN', 'TATACONSUM']",0.3333333333333333,"['LT', 'POWERGRID', 'BHARTIARTL']",1.0
fold_0,2022-04-07,"['DIVISLAB', 'TITAN', 'TATACONSUM']",1.0,"['LT', 'POWERGRID', 'BHARTIARTL']",0.3333333333333333
fold_0,2022-04-08,"['DIVISLAB', 'TITAN', 'INFY']",0.3333333333333333,"['LT', 'POWERGRID', 'BHARTIARTL']",1.0
fold_0,2022-04-11,"['DIVISLAB', 'TITAN', 'INFY']",0.0,"['LT', 'BHARTIARTL', 'POWERGRID']",0.6666666666666666
fold_0,2022-04-12,"['DIVISLAB', 'TITAN', 'INFY']",0.6666666666666666,"['LT', 'POWERGRID', 'BHARTIARTL']",0.6666666666666666
fold_0,2022-04-13,"['DIVISLAB', 'TITAN', 'INFY']",0.6666666666666666,"['LT', 'POWERGRID', 'BHARTIARTL']",0.6666666666666666
fold_0,2022-04-18,"['DIVISLAB', 'TITAN', 'INFY']",0.0,"['LT', 'POWERGRID', 'BHARTIARTL']",1.0
fold_0,2022-04-19,"['DIVISLAB', 'TITAN', 'INFY']",1.0,"['LT', 'NTPC', 'POWERGRID']",0.6666666666666666
fold_0,2022-04-20,"['DIVISLAB', 'TITAN', 'INFY']",1.0,"['LT', 'NTPC', 'POWERGRID']",0.0
fold_0,2022-04-21,"['DIVISLAB', 'TITAN', 'INFY']",0.0,"['LT', 'NTPC', 'POWERGRID']",1.0
fold_0,2022-04-22,"['DIVISLAB', 'TITAN', 'INFY']",0.0,"['LT', 'NTPC', 'POWERGRID']",1.0
fold_0,2022-04-25,"['DIVISLAB', 'TITAN', 'INFY']",1.0,"['LT', 'NTPC', 'POWERGRID']",0.0
fold_0,2022-04-26,"['DIVISLAB', 'INFY', 'TITAN']",0.3333333333333333,"['LT', 'NTPC', 'POWERGRID']",1.0
fold_0,2022-04-27,"['DIVISLAB', 'INFY', 'TITAN']",1.0,"['NTPC', 'LT', 'POWERGRID']",0.0
fold_0,2022-04-28,"['DIVISLAB', 'INFY', 'TITAN']",0.0,"['NTPC', 'LT', 'POWERGRID']",1.0
fold_0,2022-04-29,"['DIVISLAB', 'INFY', 'TITAN']",0.3333333333333333,"['NTPC', 'LT', 'POWERGRID']",0.3333333333333333
fold_0,2022-05-02,"['INFY', 'DIVISLAB', 'TITAN']",0.0,"['NTPC', 'LT', 'POWERGRID']",0.3333333333333333
fold_0,2022-05-04,"['INFY', 'DIVISLAB', 'TITAN']",0.6666666666666666,"['NTPC', 'LT', 'POWERGRID']",1.0
fold_0,2022-05-05,"['INFY', 'DIVISLAB', 'TITAN']",0.0,"['NTPC', 'LT', 'POWERGRID']",0.3333333333333333
fold_0,2022-05-06,"['INFY', 'DIVISLAB', 'TITAN']",0.6666666666666666,"['NTPC', 'LT', 'POWERGRID']",0.6666666666666666
fold_0,2022-05-09,"['INFY', 'DIVISLAB', 'ADANIENT']",0.3333333333333333,"['NTPC', 'LT', 'HINDALCO']",1.0
fold_0,2022-05-10,"['INFY', 'DIVISLAB', 'ADANIENT']",0.6666666666666666,"['NTPC', 'LT', 'HINDALCO']",0.6666666666666666
fold_0,2022-05-11,"['INFY', 'DIVISLAB', 'TCS']",0.0,"['NTPC', 'LT', 'HINDALCO']",1.0
fold_0,2022-05-12,"['INFY', 'DIVISLAB', 'TCS']",0.3333333333333333,"['NTPC', 'LT', 'HINDALCO']",0.6666666666666666
fold_0,2022-05-13,"['INFY', 'DIVISLAB', 'TCS']",0.0,"['NTPC', 'LT', 'HINDALCO']",0.0
fold_0,2022-05-16,"['INFY', 'DIVISLAB', 'TCS']",1.0,"['NTPC', 'LT', 'HINDALCO']",0.0
fold_0,2022-05-17,"['INFY', 'DIVISLAB', 'TCS']",0.3333333333333333,"['NTPC', 'HINDALCO', 'LT']",0.6666666666666666
fold_0,2022-05-18,"['INFY', 'DIVISLAB', 'TCS']",0.0,"['NTPC', 'HINDALCO', 'LT']",1.0
fold_0,2022-05-19,"['INFY', 'DIVISLAB', 'TCS']",1.0,"['NTPC', 'HINDALCO', 'LT']",0.0
fold_0,2022-05-20,"['INFY', 'DIVISLAB', 'TCS']",0.6666666666666666,"['NTPC', 'HINDALCO', 'LT']",0.3333333333333333
fold_0,2022-05-23,"['INFY', 'DIVISLAB', 'TCS']",0.0,"['NTPC', 'HINDALCO', 'POWERGRID']",0.6666666666666666
fold_0,2022-05-24,"['INFY', 'DIVISLAB', 'TCS']",0.0,"['NTPC', 'HINDALCO', 'POWERGRID']",0.6666666666666666
fold_0,2022-05-25,"['INFY', 'DIVISLAB', 'TCS']",0.6666666666666666,"['NTPC', 'HINDALCO', 'POWERGRID']",0.0
fold_0,2022-05-26,"['INFY', 'DIVISLAB', 'TCS']",1.0,"['NTPC', 'POWERGRID', 'HINDALCO']",0.6666666666666666
fold_0,2022-05-27,"['INFY', 'DIVISLAB', 'TCS']",1.0,"['NTPC', 'POWERGRID', 'HINDALCO']",0.0
fold_0,2022-05-30,"['INFY', 'DIVISLAB', 'TCS']",0.3333333333333333,"['NTPC', 'POWERGRID', 'TATASTEEL']",0.0
fold_0,2022-05-31,"['INFY', 'DIVISLAB', 'TCS']",0.0,"['NTPC', 'POWERGRID', 'TATASTEEL']",0.6666666666666666
fold_0,2022-06-01,"['INFY', 'DIVISLAB', 'ADANIENT']",0.6666666666666666,"['NTPC', 'POWERGRID', 'TATASTEEL']",0.3333333333333333
fold_0,2022-06-02,"['INFY', 'DIVISLAB', 'ADANIENT']",0.3333333333333333,"['NTPC', 'POWERGRID', 'TATASTEEL']",1.0
fold_0,2022-06-03,"['INFY', 'DIVISLAB', 'ADANIENT']",1.0,"['NTPC', 'POWERGRID', 'TATASTEEL']",0.3333333333333333
fold_0,2022-06-06,"['INFY', 'DIVISLAB', 'BPCL']",0.3333333333333333,"['NTPC', 'POWERGRID', 'TATASTEEL']",0.3333333333333333
fold_0,2022-06-07,"['INFY', 'DIVISLAB', 'BPCL']",0.3333333333333333,"['NTPC', 'POWERGRID', 'TATASTEEL']",0.6666666666666666
fold_0,2022-06-08,"['INFY', 'DIVISLAB', 'BPCL']",1.0,"['NTPC', 'POWERGRID', 'TATASTEEL']",0.6666666666666666
fold_0,2022-06-09,"['INFY', 'DIVISLAB', 'BPCL']",0.3333333333333333,"['NTPC', 'POWERGRID', 'TATASTEEL']",1.0
fold_0,2022-06-10,"['INFY', 'DIVISLAB', 'BPCL']",0.0,"['NTPC', 'POWERGRID', 'JSWSTEEL']",1.0
fold_0,2022-06-13,"['INFY', 'BPCL', 'DIVISLAB']",0.6666666666666666,"['NTPC', 'POWERGRID', 'JSWSTEEL']",0.3333333333333333
fold_0,2022-06-14,"['INFY', 'BPCL', 'DIVISLAB']",0.3333333333333333,"['NTPC', 'POWERGRID', 'JSWSTEEL']",0.6666666666666666
fold_0,2022-06-15,"['INFY', 'BPCL', 'TATACONSUM']",0.0,"['NTPC', 'POWERGRID', 'JSWSTEEL']",1.0
fold_0,2022-06-16,"['INFY', 'BPCL', 'TATACONSUM']",0.0,"['NTPC', 'POWERGRID', 'JSWSTEEL']",0.6666666666666666
fold_0,2022-06-17,"['INFY', 'BPCL', 'TATACONSUM']",0.6666666666666666,"['NTPC', 'POWERGRID', 'JSWSTEEL']",1.0
fold_0,2022-06-20,"['INFY', 'BPCL', 'TATACONSUM']",1.0,"['NTPC', 'POWERGRID', 'JSWSTEEL']",0.0
fold_0,2022-06-21,"['INFY', 'TATACONSUM', 'BPCL']",0.3333333333333333,"['NTPC', 'POWERGRID', 'JSWSTEEL']",0.6666666666666666
fold_0,2022-06-22,"['INFY', 'TATACONSUM', 'BPCL']",1.0,"['NTPC', 'POWERGRID', 'JSWSTEEL']",0.6666666666666666
fold_0,2022-06-23,"['INFY', 'TATACONSUM', 'BPCL']",0.3333333333333333,"['NTPC', 'POWERGRID', 'JSWSTEEL']",0.3333333333333333
fold_0,2022-06-24,"['INFY', 'TATACONSUM', 'BPCL']",1.0,"['NTPC', 'POWERGRID', 'JSWSTEEL']",0.0
fold_0,2022-06-27,"['INFY', 'TATACONSUM', 'BPCL']",1.0,"['NTPC', 'POWERGRID', 'JSWSTEEL']",0.6666666666666666
fold_0,2022-06-28,"['INFY', 'TATACONSUM', 'BPCL']",0.0,"['NTPC', 'POWERGRID', 'TATASTEEL']",0.6666666666666666
fold_0,2022-06-29,"['INFY', 'TATACONSUM', 'BPCL']",0.0,"['NTPC', 'POWERGRID', 'TATASTEEL']",0.3333333333333333
fold_0,2022-06-30,"['INFY', 'TATACONSUM', 'BPCL']",1.0,"['NTPC', 'POWERGRID', 'TATASTEEL']",0.6666666666666666
fold_0,2022-07-01,"['INFY', 'TATACONSUM', 'BPCL']",0.6666666666666666,"['NTPC', 'POWERGRID', 'TATASTEEL']",0.3333333333333333
fold_0,2022-07-04,"['BPCL', 'TATACONSUM', 'INFY']",0.0,"['NTPC', 'POWERGRID', 'TATASTEEL']",0.3333333333333333
fold_0,2022-07-05,"['BPCL', 'TATACONSUM', 'INFY']",1.0,"['NTPC', 'POWERGRID', 'TATASTEEL']",1.0
fold_0,2022-07-06,"['BPCL', 'TATACONSUM', 'INFY']",1.0,"['NTPC', 'POWERGRID', 'TATASTEEL']",0.0
fold_0,2022-07-07,"['BPCL', 'TATACONSUM', 'INFY']",0.6666666666666666,"['POWERGRID', 'NTPC', 'TATASTEEL']",0.3333333333333333
fold_0,2022-07-08,"['BPCL', 'TATACONSUM', 'INFY']",0.3333333333333333,"['POWERGRID', 'NTPC', 'BAJAJ-AUTO']",0.3333333333333333
fold_0,2022-07-11,"['BPCL', 'TATACONSUM', 'INFY']",0.0,"['POWERGRID', 'NTPC', 'BAJAJ-AUTO']",0.6666666666666666
fold_0,2022-07-12,"['BPCL', 'TATACONSUM', 'INFY']",1.0,"['POWERGRID', 'NTPC', 'BAJAJ-AUTO']",0.0
fold_0,2022-07-13,"['BPCL', 'TATACONSUM', 'INFY']",0.3333333333333333,"['POWERGRID', 'BAJAJ-AUTO', 'NTPC']",0.0
fold_0,2022-07-14,"['BPCL', 'TATACONSUM', 'INFY']",1.0,"['POWERGRID', 'BAJAJ-AUTO', 'JSWSTEEL']",0.6666666666666666
fold_0,2022-07-15,"['BPCL', 'TATACONSUM', 'INFY']",1.0,"['POWERGRID', 'BAJAJ-AUTO', 'JSWSTEEL']",0.0
fold_0,2022-07-18,"['BPCL', 'TATACONSUM', 'INFY']",0.3333333333333333,"['POWERGRID', 'BAJAJ-AUTO', 'JSWSTEEL']",0.6666666666666666
fold_0,2022-07-19,"['BPCL', 'TATACONSUM', 'INFY']",1.0,"['POWERGRID', 'BAJAJ-AUTO', 'JSWSTEEL']",0.3333333333333333
fold_0,2022-07-20,"['BPCL', 'TATACONSUM', 'DIVISLAB']",1.0,"['POWERGRID', 'BAJAJ-AUTO', 'JSWSTEEL']",0.3333333333333333
fold_0,2022-07-21,"['BPCL', 'TATACONSUM', 'DIVISLAB']",0.0,"['POWERGRID', 'BAJAJ-AUTO', 'JSWSTEEL']",1.0
fold_0,2022-07-22,"['BPCL', 'DIVISLAB', 'TATACONSUM']",0.3333333333333333,"['BAJAJ-AUTO', 'POWERGRID', 'JSWSTEEL']",0.6666666666666666
fold_0,2022-07-25,"['BPCL', 'DIVISLAB', 'TATACONSUM']",0.3333333333333333,"['BAJAJ-AUTO', 'POWERGRID', 'LT']",0.6666666666666666
fold_0,2022-07-26,"['BPCL', 'DIVISLAB', 'INFY']",1.0,"['BAJAJ-AUTO', 'POWERGRID', 'LT']",0.3333333333333333
fold_0,2022-07-27,"['BPCL', 'DIVISLAB', 'INFY']",1.0,"['BAJAJ-AUTO', 'LT', 'POWERGRID']",0.3333333333333333
fold_0,2022-07-28,"['BPCL', 'DIVISLAB', 'INFY']",0.6666666666666666,"['BAJAJ-AUTO', 'LT', 'POWERGRID']",0.6666666666666666
fold_0,2022-07-29,"['BPCL', 'DIVISLAB', 'INFY']",0.6666666666666666,"['BAJAJ-AUTO', 'LT', 'POWERGRID']",0.0
fold_0,2022-08-01,"['BPCL', 'DIVISLAB', 'TITAN']",0.6666666666666666,"['BAJAJ-AUTO', 'LT', 'POWERGRID']",0.3333333333333333
fold_0,2022-08-02,"['DIVISLAB', 'BPCL', 'TITAN']",0.6666666666666666,"['LT', 'BAJAJ-AUTO', 'POWERGRID']",0.0
fold_0,2022-08-03,"['DIVISLAB', 'BPCL', 'TITAN']",1.0,"['LT', 'BAJAJ-AUTO', 'BHARTIARTL']",0.3333333333333333
fold_0,2022-08-04,"['DIVISLAB', 'BPCL', 'TITAN']",1.0,"['LT', 'BAJAJ-AUTO', 'BHARTIARTL']",0.0
fold_0,2022-08-05,"['DIVISLAB', 'TITAN', 'BPCL']",0.6666666666666666,"['LT', 'BAJAJ-AUTO', 'BHARTIARTL']",0.0
fold_0,2022-08-08,"['DIVISLAB', 'TITAN', 'BPCL']",0.6666666666666666,"['LT', 'BAJAJ-AUTO', 'NTPC']",0.3333333333333333
fold_0,2022-08-10,"['DIVISLAB', 'TITAN', 'BPCL']",0.6666666666666666,"['LT', 'BAJAJ-AUTO', 'NTPC']",0.3333333333333333
fold_0,2022-08-11,"['TITAN', 'DIVISLAB', 'BPCL']",0.6666666666666666,"['LT', 'BAJAJ-AUTO', 'NTPC']",0.3333333333333333
fold_0,2022-08-12,"['TITAN', 'DIVISLAB', 'BPCL']",1.0,"['LT', 'NTPC', 'BAJAJ-AUTO']",0.6666666666666666
fold_0,2022-08-16,"['TITAN', 'DIVISLAB', 'BPCL']",0.6666666666666666,"['LT', 'NTPC', 'BAJAJ-AUTO']",0.3333333333333333
fold_0,2022-08-17,"['TITAN', 'DIVISLAB', 'BPCL']",0.0,"['LT', 'NTPC', 'BAJAJ-AUTO']",0.3333333333333333
fold_0,2022-08-18,"['TITAN', 'DIVISLAB', 'BPCL']",0.0,"['NTPC', 'LT', 'BAJAJ-AUTO']",0.3333333333333333
fold_0,2022-08-19,"['TITAN', 'DIVISLAB', 'BPCL']",0.0,"['NTPC', 'LT', 'BAJAJ-AUTO']",1.0
fold_0,2022-08-22,"['TITAN', 'DIVISLAB', 'BPCL']",0.6666666666666666,"['NTPC', 'LT', 'BAJAJ-AUTO']",0.0
fold_0,2022-08-23,"['TITAN', 'DIVISLAB', 'BPCL']",0.0,"['NTPC', 'LT', 'BAJAJ-AUTO']",0.0
fold_0,2022-08-24,"['TITAN', 'DIVISLAB', 'ADANIENT']",0.6666666666666666,"['NTPC', 'LT', 'BAJAJ-AUTO']",0.6666666666666666
fold_0,2022-08-25,"['TITAN', 'DIVISLAB', 'ADANIENT']",1.0,"['NTPC', 'LT', 'BAJAJ-AUTO']",0.3333333333333333
fold_0,2022-08-26,"['TITAN', 'DIVISLAB', 'ADANIENT']",0.3333333333333333,"['NTPC', 'LT', 'BAJAJ-AUTO']",1.0
fold_0,2022-08-29,"['TITAN', 'DIVISLAB', 'ADANIENT']",1.0,"['NTPC', 'LT', 'BAJAJ-AUTO']",0.0
fold_0,2022-08-30,"['TITAN', 'DIVISLAB', 'ADANIENT']",0.6666666666666666,"['NTPC', 'LT', 'BAJAJ-AUTO']",1.0
fold_0,2022-09-01,"['TITAN', 'DIVISLAB', 'ADANIENT']",0.3333333333333333,"['NTPC', 'LT', 'BAJAJ-AUTO']",0.3333333333333333
fold_0,2022-09-02,"['TITAN', 'DIVISLAB', 'ADANIENT']",0.6666666666666666,"['NTPC', 'LT', 'BAJAJ-AUTO']",0.3333333333333333
fold_0,2022-09-05,"['TITAN', 'DIVISLAB', 'ADANIENT']",0.6666666666666666,"['NTPC', 'LT', 'BAJAJ-AUTO']",0.6666666666666666
fold_0,2022-09-06,"['TITAN', 'DIVISLAB', 'ADANIENT']",1.0,"['NTPC', 'LT', 'BAJAJ-AUTO']",1.0
fold_0,2022-09-07,"['TITAN', 'DIVISLAB', 'ADANIENT']",0.0,"['NTPC', 'LT', 'BAJAJ-AUTO']",0.6666666666666666
fold_0,2022-09-08,"['TITAN', 'DIVISLAB', 'ADANIENT']",0.3333333333333333,"['NTPC', 'LT', 'BAJAJ-AUTO']",1.0
fold_0,2022-09-09,"['TITAN', 'DIVISLAB', 'INFY']",1.0,"['NTPC', 'LT', 'BAJAJ-AUTO']",0.3333333333333333
fold_0,2022-09-12,"['TITAN', 'DIVISLAB', 'INFY']",0.6666666666666666,"['NTPC', 'LT', 'BAJAJ-AUTO']",0.0
fold_0,2022-09-13,"['TITAN', 'DIVISLAB', 'INFY']",0.3333333333333333,"['NTPC', 'LT', 'BAJAJ-AUTO']",0.6666666666666666
fold_0,2022-09-14,"['TITAN', 'DIVISLAB', 'INFY']",0.0,"['NTPC', 'LT', 'BAJAJ-AUTO']",0.3333333333333333
fold_0,2022-09-15,"['TITAN', 'DIVISLAB', 'INFY']",0.0,"['NTPC', 'LT', 'BAJAJ-AUTO']",1.0
fold_0,2022-09-16,"['TITAN', 'DIVISLAB', 'INFY']",1.0,"['NTPC', 'LT', 'BAJAJ-AUTO']",0.6666666666666666
fold_0,2022-09-19,"['TITAN', 'INFY', 'DIVISLAB']",0.6666666666666666,"['NTPC', 'LT', 'BAJAJ-AUTO']",0.0
fold_0,2022-09-20,"['TITAN', 'INFY', 'DIVISLAB']",0.0,"['NTPC', 'LT', 'BAJAJ-AUTO']",1.0
fold_0,2022-09-21,"['TITAN', 'INFY', 'DIVISLAB']",0.6666666666666666,"['NTPC', 'LT', 'EICHERMOT']",0.3333333333333333
fold_0,2022-09-22,"['TITAN', 'INFY', 'TCS']",0.0,"['NTPC', 'LT', 'EICHERMOT']",1.0
fold_0,2022-09-23,"['TITAN', 'INFY', 'TCS']",0.6666666666666666,"['NTPC', 'LT', 'EICHERMOT']",1.0
fold_0,2022-09-26,"['TITAN', 'INFY', 'TCS']",0.6666666666666666,"['NTPC', 'LT', 'EICHERMOT']",0.3333333333333333
fold_0,2022-09-27,"['TITAN', 'INFY', 'TCS']",0.3333333333333333,"['NTPC', 'LT', 'EICHERMOT']",0.6666666666666666
fold_0,2022-09-28,"['INFY', 'TITAN', 'TCS']",0.3333333333333333,"['NTPC', 'LT', 'EICHERMOT']",0.3333333333333333
fold_0,2022-09-29,"['INFY', 'TITAN', 'TCS']",0.6666666666666666,"['NTPC', 'LT', 'EICHERMOT']",0.3333333333333333
fold_0,2022-09-30,"['INFY', 'TITAN', 'TCS']",0.0,"['NTPC', 'LT', 'EICHERMOT']",0.6666666666666666
fold_0,2022-10-03,"['INFY', 'TITAN', 'TCS']",1.0,"['NTPC', 'LT', 'EICHERMOT']",0.0
fold_0,2022-10-04,"['INFY', 'TITAN', 'TCS']",0.6666666666666666,"['NTPC', 'LT', 'EICHERMOT']",0.6666666666666666
fold_0,2022-10-06,"['INFY', 'TITAN', 'DIVISLAB']",0.6666666666666666,"['NTPC', 'EICHERMOT', 'LT']",0.3333333333333333
fold_0,2022-10-07,"['INFY', 'TITAN', 'DIVISLAB']",0.3333333333333333,"['NTPC', 'EICHERMOT', 'LT']",0.6666666666666666
fold_0,2022-10-10,"['INFY', 'TITAN', 'DIVISLAB']",0.0,"['NTPC', 'EICHERMOT', 'LT']",1.0
fold_0,2022-10-11,"['INFY', 'TITAN', 'DIVISLAB']",0.6666666666666666,"['NTPC', 'EICHERMOT', 'LT']",0.0
fold_0,2022-10-12,"['INFY', 'TITAN', 'DIVISLAB']",0.3333333333333333,"['NTPC', 'EICHERMOT', 'LT']",0.6666666666666666
fold_0,2022-10-13,"['INFY', 'TITAN', 'DIVISLAB']",1.0,"['NTPC', 'EICHERMOT', 'LT']",0.0
fold_0,2022-10-14,"['INFY', 'TITAN', 'DIVISLAB']",1.0,"['NTPC', 'EICHERMOT', 'LT']",0.3333333333333333
fold_0,2022-10-17,"['INFY', 'TITAN', 'DIVISLAB']",0.6666666666666666,"['NTPC', 'EICHERMOT', 'LT']",0.3333333333333333
fold_0,2022-10-18,"['INFY', 'TITAN', 'BPCL']",0.3333333333333333,"['NTPC', 'EICHERMOT', 'LT']",1.0
fold_0,2022-10-19,"['INFY', 'TITAN', 'BPCL']",0.6666666666666666,"['EICHERMOT', 'NTPC', 'LT']",0.0
fold_0,2022-10-20,"['INFY', 'BPCL', 'TITAN']",0.3333333333333333,"['EICHERMOT', 'NTPC', 'LT']",0.6666666666666666
fold_0,2022-10-21,"['BPCL', 'INFY', 'TITAN']",1.0,"['EICHERMOT', 'NTPC', 'LT']",0.3333333333333333
fold_0,2022-10-24,"['BPCL', 'INFY', 'TITAN']",0.6666666666666666,"['EICHERMOT', 'NTPC', 'LT']",0.0
fold_0,2022-10-25,"['BPCL', 'INFY', 'TITAN']",0.6666666666666666,"['EICHERMOT', 'NTPC', 'LT']",0.3333333333333333
fold_0,2022-10-27,"['BPCL', 'INFY', 'TITAN']",0.3333333333333333,"['EICHERMOT', 'NTPC', 'LT']",0.0
fold_0,2022-10-28,"['BPCL', 'INFY', 'TITAN']",0.6666666666666666,"['EICHERMOT', 'NTPC', 'LT']",0.3333333333333333
fold_0,2022-10-31,"['BPCL', 'TITAN', 'DIVISLAB']",0.6666666666666666,"['EICHERMOT', 'NTPC', 'LT']",0.6666666666666666
fold_0,2022-11-01,"['BPCL', 'DIVISLAB', 'TITAN']",0.3333333333333333,"['EICHERMOT', 'NTPC', 'LT']",1.0
fold_0,2022-11-02,"['BPCL', 'TITAN', 'DIVISLAB']",0.3333333333333333,"['EICHERMOT', 'NTPC', 'LT']",1.0
fold_0,2022-11-03,"['BPCL', 'TITAN', 'DIVISLAB']",0.3333333333333333,"['EICHERMOT', 'NTPC', 'LT']",0.3333333333333333
fold_0,2022-11-04,"['BPCL', 'TITAN', 'DIVISLAB']",0.3333333333333333,"['EICHERMOT', 'NTPC', 'LT']",0.3333333333333333
fold_0,2022-11-07,"['BPCL', 'TITAN', 'DIVISLAB']",0.0,"['EICHERMOT', 'NTPC', 'LT']",1.0
fold_0,2022-11-09,"['BPCL', 'TITAN', 'DIVISLAB']",0.0,"['EICHERMOT', 'NTPC', 'LT']",1.0
fold_0,2022-11-10,"['BPCL', 'TITAN', 'DIVISLAB']",0.6666666666666666,"['EICHERMOT', 'NTPC', 'LT']",0.6666666666666666
fold_0,2022-11-11,"['BPCL', 'TITAN', 'DIVISLAB']",0.0,"['EICHERMOT', 'NTPC', 'LT']",0.6666666666666666
fold_0,2022-11-14,"['BPCL', 'TITAN', 'TATACONSUM']",1.0,"['EICHERMOT', 'NTPC', 'LT']",0.6666666666666666
fold_0,2022-11-15,"['BPCL', 'TITAN', 'TATACONSUM']",0.0,"['EICHERMOT', 'NTPC', 'LT']",0.6666666666666666
fold_0,2022-11-16,"['BPCL', 'TITAN', 'TATACONSUM']",0.3333333333333333,"['EICHERMOT', 'NTPC', 'LT']",0.6666666666666666
fold_0,2022-11-17,"['BPCL', 'TATACONSUM', 'TITAN']",0.0,"['EICHERMOT', 'NTPC', 'LT']",1.0
fold_0,2022-11-18,"['BPCL', 'TATACONSUM', 'TITAN']",0.3333333333333333,"['EICHERMOT', 'NTPC', 'LT']",1.0
fold_0,2022-11-21,"['BPCL', 'TATACONSUM', 'TITAN']",0.6666666666666666,"['EICHERMOT', 'NTPC', 'LT']",0.0
fold_0,2022-11-22,"['BPCL', 'TATACONSUM', 'TITAN']",0.3333333333333333,"['EICHERMOT', 'NTPC', 'LT']",0.3333333333333333
fold_0,2022-11-23,"['BPCL', 'TATACONSUM', 'TITAN']",1.0,"['EICHERMOT', 'NTPC', 'LT']",0.3333333333333333
fold_0,2022-11-24,"['BPCL', 'TATACONSUM', 'TITAN']",0.3333333333333333,"['EICHERMOT', 'NTPC', 'LT']",0.0
fold_0,2022-11-25,"['BPCL', 'TATACONSUM', 'TITAN']",1.0,"['EICHERMOT', 'NTPC', 'LT']",0.0
fold_0,2022-11-28,"['BPCL', 'TATACONSUM', 'TITAN']",0.6666666666666666,"['EICHERMOT', 'NTPC', 'LT']",1.0
fold_0,2022-11-29,"['BPCL', 'TATACONSUM', 'TITAN']",1.0,"['EICHERMOT', 'NTPC', 'LT']",0.0
fold_0,2022-11-30,"['BPCL', 'TATACONSUM', 'TITAN']",0.0,"['EICHERMOT', 'NTPC', 'LT']",0.6666666666666666
fold_0,2022-12-01,"['BPCL', 'TATACONSUM', 'TITAN']",0.3333333333333333,"['EICHERMOT', 'NTPC', 'LT']",0.6666666666666666
fold_0,2022-12-02,"['BPCL', 'TATACONSUM', 'TITAN']",0.3333333333333333,"['EICHERMOT', 'NTPC', 'LT']",0.3333333333333333
fold_0,2022-12-05,"['BPCL', 'TITAN', 'TATACONSUM']",0.0,"['EICHERMOT', 'NTPC', 'LT']",0.6666666666666666
fold_0,2022-12-06,"['BPCL', 'TITAN', 'TATACONSUM']",0.6666666666666666,"['EICHERMOT', 'NTPC', 'LT']",0.6666666666666666
fold_0,2022-12-07,"['BPCL', 'TITAN', 'TATACONSUM']",0.6666666666666666,"['EICHERMOT', 'NTPC', 'LT']",0.3333333333333333
fold_0,2022-12-08,"['TITAN', 'BPCL', 'TATACONSUM']",0.6666666666666666,"['EICHERMOT', 'NTPC', 'LT']",0.6666666666666666
fold_0,2022-12-09,"['TITAN', 'BPCL', 'DIVISLAB']",0.6666666666666666,"['EICHERMOT', 'NTPC', 'LT']",0.6666666666666666
fold_0,2022-12-12,"['TITAN', 'BPCL', 'DIVISLAB']",0.3333333333333333,"['EICHERMOT', 'NTPC', 'LT']",0.3333333333333333
fold_0,2022-12-13,"['TITAN', 'BPCL', 'DIVISLAB']",1.0,"['EICHERMOT', 'NTPC', 'LT']",0.0
fold_0,2022-12-14,"['TITAN', 'BPCL', 'DIVISLAB']",0.0,"['EICHERMOT', 'NTPC', 'LT']",0.6666666666666666
fold_0,2022-12-15,"['TITAN', 'TCS', 'DIVISLAB']",0.0,"['EICHERMOT', 'NTPC', 'LT']",1.0
fold_0,2022-12-16,"['TITAN', 'TCS', 'DIVISLAB']",0.6666666666666666,"['EICHERMOT', 'NTPC', 'LT']",0.0
fold_0,2022-12-19,"['TCS', 'TITAN', 'DIVISLAB']",0.6666666666666666,"['EICHERMOT', 'NTPC', 'LT']",1.0
fold_0,2022-12-20,"['TCS', 'TITAN', 'DIVISLAB']",0.6666666666666666,"['EICHERMOT', 'NTPC', 'LT']",1.0
fold_0,2022-12-21,"['TCS', 'DIVISLAB', 'TITAN']",0.0,"['EICHERMOT', 'NTPC', 'LT']",1.0
fold_0,2022-12-22,"['TCS', 'DIVISLAB', 'TITAN']",0.6666666666666666,"['EICHERMOT', 'NTPC', 'LT']",1.0
fold_0,2022-12-23,"['TCS', 'DIVISLAB', 'INFY']",0.6666666666666666,"['EICHERMOT', 'NTPC', 'LT']",0.0
fold_0,2022-12-26,"['TCS', 'DIVISLAB', 'INFY']",1.0,"['EICHERMOT', 'NTPC', 'LT']",0.3333333333333333
fold_0,2022-12-27,"['TCS', 'DIVISLAB', 'INFY']",0.0,"['EICHERMOT', 'NTPC', 'LT']",0.6666666666666666
fold_0,2022-12-28,"['TCS', 'INFY', 'DIVISLAB']",0.6666666666666666,"['EICHERMOT', 'NTPC', 'LT']",0.0
fold_0,2022-12-29,"['TCS', 'INFY', 'DIVISLAB']",0.3333333333333333,"['EICHERMOT', 'LT', 'NTPC']",0.6666666666666666
fold_1,2023-01-02,"['ADANIENT', 'TRENT', 'INFY']",0.3333333333333333,"['EICHERMOT', 'NTPC', 'POWERGRID']",0.6666666666666666
fold_1,2023-01-03,"['ADANIENT', 'TRENT', 'INFY']",0.0,"['EICHERMOT', 'NTPC', 'POWERGRID']",0.6666666666666666
fold_1,2023-01-04,"['ADANIENT', 'TRENT', 'INFY']",0.3333333333333333,"['EICHERMOT', 'NTPC', 'POWERGRID']",0.3333333333333333
fold_1,2023-01-05,"['ADANIENT', 'TRENT', 'INFY']",0.0,"['EICHERMOT', 'NTPC', 'POWERGRID']",1.0
fold_1,2023-01-06,"['TRENT', 'ADANIENT', 'INFY']",0.6666666666666666,"['EICHERMOT', 'NTPC', 'POWERGRID']",0.0
fold_1,2023-01-09,"['TRENT', 'ADANIENT', 'INFY']",0.3333333333333333,"['EICHERMOT', 'NTPC', 'POWERGRID']",0.6666666666666666
fold_1,2023-01-10,"['TRENT', 'ADANIENT', 'INFY']",0.0,"['EICHERMOT', 'NTPC', 'POWERGRID']",1.0
fold_1,2023-01-11,"['TRENT', 'ADANIENT', 'INFY']",0.6666666666666666,"['EICHERMOT', 'NTPC', 'POWERGRID']",0.6666666666666666
fold_1,2023-01-12,"['TRENT', 'ADANIENT', 'INFY']",1.0,"['EICHERMOT', 'NTPC', 'POWERGRID']",0.0
fold_1,2023-01-13,"['TRENT', 'ADANIENT', 'HCLTECH']",0.3333333333333333,"['EICHERMOT', 'NTPC', 'POWERGRID']",0.6666666666666666
fold_1,2023-01-16,"['TRENT', 'ADANIENT', 'HCLTECH']",0.6666666666666666,"['EICHERMOT', 'NTPC', 'POWERGRID']",0.0
fold_1,2023-01-17,"['TRENT', 'ADANIENT', 'HCLTECH']",0.6666666666666666,"['EICHERMOT', 'NTPC', 'POWERGRID']",0.3333333333333333
fold_1,2023-01-18,"['TRENT', 'ADANIENT', 'HCLTECH']",0.0,"['EICHERMOT', 'NTPC', 'POWERGRID']",0.3333333333333333
fold_1,2023-01-19,"['TRENT', 'ADANIENT', 'HCLTECH']",0.0,"['EICHERMOT', 'NTPC', 'POWERGRID']",0.3333333333333333
fold_1,2023-01-20,"['TRENT', 'ADANIENT', 'HCLTECH']",0.3333333333333333,"['NTPC', 'EICHERMOT', 'POWERGRID']",0.3333333333333333
fold_1,2023-01-23,"['TRENT', 'ADANIENT', 'TATACONSUM']",0.6666666666666666,"['NTPC', 'EICHERMOT', 'POWERGRID']",0.6666666666666666
fold_1,2023-01-24,"['TRENT', 'ADANIENT', 'TATACONSUM']",0.3333333333333333,"['NTPC', 'EICHERMOT', 'POWERGRID']",0.3333333333333333
fold_1,2023-01-25,"['TRENT', 'TATACONSUM', 'ADANIENT']",0.0,"['NTPC', 'EICHERMOT', 'POWERGRID']",0.6666666666666666
fold_1,2023-01-27,"['TRENT', 'TATACONSUM', 'ADANIENT']",0.6666666666666666,"['NTPC', 'EICHERMOT', 'POWERGRID']",0.3333333333333333
fold_1,2023-01-30,"['TRENT', 'TATACONSUM', 'ADANIENT']",0.6666666666666666,"['NTPC', 'EICHERMOT', 'POWERGRID']",0.0
fold_1,2023-01-31,"['TRENT', 'TATACONSUM', 'ADANIENT']",0.6666666666666666,"['NTPC', 'EICHERMOT', 'POWERGRID']",0.6666666666666666
fold_1,2023-02-01,"['TRENT', 'TATACONSUM', 'ADANIENT']",0.3333333333333333,"['NTPC', 'EICHERMOT', 'POWERGRID']",1.0
fold_1,2023-02-02,"['TRENT', 'TATACONSUM', 'HCLTECH']",0.3333333333333333,"['NTPC', 'EICHERMOT', 'POWERGRID']",0.3333333333333333
fold_1,2023-02-03,"['TRENT', 'TATACONSUM', 'HCLTECH']",0.3333333333333333,"['NTPC', 'EICHERMOT', 'POWERGRID']",0.3333333333333333
fold_1,2023-02-06,"['TRENT', 'TATACONSUM', 'HCLTECH']",0.0,"['NTPC', 'EICHERMOT', 'POWERGRID']",0.6666666666666666
fold_1,2023-02-07,"['TRENT', 'TATACONSUM', 'HCLTECH']",0.6666666666666666,"['NTPC', 'EICHERMOT', 'POWERGRID']",0.6666666666666666
fold_1,2023-02-08,"['TRENT', 'TATACONSUM', 'ADANIENT']",0.3333333333333333,"['NTPC', 'EICHERMOT', 'POWERGRID']",0.0
fold_1,2023-02-09,"['TRENT', 'TATACONSUM', 'ADANIENT']",0.3333333333333333,"['NTPC', 'EICHERMOT', 'POWERGRID']",0.6666666666666666
fold_1,2023-02-10,"['TRENT', 'TATACONSUM', 'ADANIENT']",0.0,"['NTPC', 'EICHERMOT', 'POWERGRID']",0.0
fold_1,2023-02-13,"['TRENT', 'TATACONSUM', 'ADANIENT']",1.0,"['NTPC', 'EICHERMOT', 'POWERGRID']",1.0
fold_1,2023-02-14,"['TRENT', 'TATACONSUM', 'RELIANCE']",1.0,"['NTPC', 'EICHERMOT', 'POWERGRID']",0.6666666666666666
fold_1,2023-02-15,"['TRENT', 'TATACONSUM', 'RELIANCE']",0.6666666666666666,"['NTPC', 'EICHERMOT', 'POWERGRID']",0.3333333333333333
fold_1,2023-02-16,"['TRENT', 'TATACONSUM', 'RELIANCE']",0.3333333333333333,"['NTPC', 'EICHERMOT', 'POWERGRID']",0.3333333333333333
fold_1,2023-02-17,"['TRENT', 'TATACONSUM', 'RELIANCE']",0.0,"['NTPC', 'EICHERMOT', 'POWERGRID']",0.0
fold_1,2023-02-20,"['TRENT', 'TATACONSUM', 'RELIANCE']",0.6666666666666666,"['NTPC', 'EICHERMOT', 'POWERGRID']",0.3333333333333333
fold_1,2023-02-21,"['TRENT', 'TATACONSUM', 'RELIANCE']",0.3333333333333333,"['NTPC', 'EICHERMOT', 'POWERGRID']",1.0
fold_1,2023-02-22,"['TATACONSUM', 'TRENT', 'RELIANCE']",0.0,"['NTPC', 'EICHERMOT', 'POWERGRID']",1.0
fold_1,2023-02-23,"['TATACONSUM', 'TRENT', 'RELIANCE']",0.6666666666666666,"['NTPC', 'EICHERMOT', 'POWERGRID']",0.3333333333333333
fold_1,2023-02-24,"['TATACONSUM', 'TRENT', 'RELIANCE']",0.0,"['NTPC', 'EICHERMOT', 'POWERGRID']",0.3333333333333333
fold_1,2023-02-27,"['TATACONSUM', 'TRENT', 'RELIANCE']",0.3333333333333333,"['NTPC', 'EICHERMOT', 'POWERGRID']",0.6666666666666666
fold_1,2023-02-28,"['TATACONSUM', 'TRENT', 'RELIANCE']",1.0,"['NTPC', 'EICHERMOT', 'POWERGRID']",0.3333333333333333
fold_1,2023-03-01,"['TATACONSUM', 'TRENT', 'RELIANCE']",0.0,"['NTPC', 'EICHERMOT', 'POWERGRID']",0.6666666666666666
fold_1,2023-03-02,"['TATACONSUM', 'TRENT', 'RELIANCE']",1.0,"['NTPC', 'EICHERMOT', 'POWERGRID']",0.0
fold_1,2023-03-03,"['TATACONSUM', 'TRENT', 'RELIANCE']",1.0,"['NTPC', 'EICHERMOT', 'POWERGRID']",0.0
fold_1,2023-03-06,"['TATACONSUM', 'TRENT', 'RELIANCE']",1.0,"['NTPC', 'EICHERMOT', 'POWERGRID']",0.0
fold_1,2023-03-08,"['TATACONSUM', 'TRENT', 'RELIANCE']",0.0,"['NTPC', 'EICHERMOT', 'POWERGRID']",0.6666666666666666
fold_1,2023-03-09,"['TATACONSUM', 'TRENT', 'RELIANCE']",0.3333333333333333,"['NTPC', 'EICHERMOT', 'POWERGRID']",0.3333333333333333
fold_1,2023-03-10,"['TATACONSUM', 'TRENT', 'RELIANCE']",0.0,"['NTPC', 'EICHERMOT', 'POWERGRID']",1.0
fold_1,2023-03-13,"['TATACONSUM', 'TRENT', 'RELIANCE']",0.3333333333333333,"['NTPC', 'EICHERMOT', 'POWERGRID']",1.0
fold_1,2023-03-14,"['TATACONSUM', 'TRENT', 'RELIANCE']",0.0,"['NTPC', 'EICHERMOT', 'POWERGRID']",0.6666666666666666
fold_1,2023-03-15,"['TATACONSUM', 'TRENT', 'HINDUNILVR']",1.0,"['NTPC', 'EICHERMOT', 'POWERGRID']",0.0
fold_1,2023-03-16,"['TATACONSUM', 'TRENT', 'HINDUNILVR']",0.6666666666666666,"['NTPC', 'EICHERMOT', 'POWERGRID']",1.0
fold_1,2023-03-17,"['TATACONSUM', 'HINDUNILVR', 'TRENT']",0.3333333333333333,"['NTPC', 'EICHERMOT', 'POWERGRID']",1.0
fold_1,2023-03-20,"['TATACONSUM', 'HINDUNILVR', 'TRENT']",0.0,"['NTPC', 'EICHERMOT', 'POWERGRID']",0.6666666666666666
fold_1,2023-03-21,"['HINDUNILVR', 'TATACONSUM', 'TRENT']",1.0,"['NTPC', 'EICHERMOT', 'POWERGRID']",0.3333333333333333
fold_1,2023-03-22,"['HINDUNILVR', 'TATACONSUM', 'TRENT']",0.6666666666666666,"['NTPC', 'EICHERMOT', 'POWERGRID']",0.6666666666666666
fold_1,2023-03-23,"['HINDUNILVR', 'TATACONSUM', 'TRENT']",0.0,"['NTPC', 'EICHERMOT', 'POWERGRID']",0.6666666666666666
fold_1,2023-03-24,"['HINDUNILVR', 'TATACONSUM', 'TRENT']",0.6666666666666666,"['NTPC', 'EICHERMOT', 'POWERGRID']",1.0
fold_1,2023-03-27,"['HINDUNILVR', 'TATACONSUM', 'TRENT']",0.0,"['NTPC', 'EICHERMOT', 'POWERGRID']",0.3333333333333333
fold_1,2023-03-28,"['HINDUNILVR', 'TATACONSUM', 'TRENT']",1.0,"['NTPC', 'POWERGRID', 'EICHERMOT']",0.0
fold_1,2023-03-29,"['HINDUNILVR', 'TATACONSUM', 'TRENT']",1.0,"['NTPC', 'POWERGRID', 'EICHERMOT']",0.0
fold_1,2023-03-31,"['HINDUNILVR', 'TATACONSUM', 'TRENT']",0.3333333333333333,"['NTPC', 'POWERGRID', 'EICHERMOT']",0.3333333333333333
fold_1,2023-04-03,"['HINDUNILVR', 'TATACONSUM', 'TRENT']",1.0,"['NTPC', 'POWERGRID', 'EICHERMOT']",0.6666666666666666
fold_1,2023-04-05,"['HINDUNILVR', 'TATACONSUM', 'TRENT']",0.3333333333333333,"['NTPC', 'POWERGRID', 'EICHERMOT']",0.6666666666666666
fold_1,2023-04-06,"['HINDUNILVR', 'TATACONSUM', 'TRENT']",0.0,"['NTPC', 'POWERGRID', 'EICHERMOT']",0.3333333333333333
fold_1,2023-04-10,"['HINDUNILVR', 'TATACONSUM', 'TRENT']",0.3333333333333333,"['NTPC', 'POWERGRID', 'EICHERMOT']",0.0
fold_1,2023-04-11,"['HINDUNILVR', 'TRENT', 'TATACONSUM']",0.6666666666666666,"['NTPC', 'POWERGRID', 'EICHERMOT']",0.6666666666666666
fold_1,2023-04-12,"['HINDUNILVR', 'TRENT', 'TATACONSUM']",0.3333333333333333,"['NTPC', 'POWERGRID', 'EICHERMOT']",0.3333333333333333
fold_1,2023-04-13,"['HINDUNILVR', 'TRENT', 'TATACONSUM']",0.6666666666666666,"['NTPC', 'POWERGRID', 'EICHERMOT']",0.3333333333333333
fold_1,2023-04-17,"['HINDUNILVR', 'TRENT', 'TATACONSUM']",0.0,"['NTPC', 'POWERGRID', 'EICHERMOT']",0.3333333333333333
fold_1,2023-04-18,"['HINDUNILVR', 'TRENT', 'TCS']",0.3333333333333333,"['NTPC', 'POWERGRID', 'EICHERMOT']",0.6666666666666666
fold_1,2023-04-19,"['HINDUNILVR', 'TRENT', 'TCS']",0.6666666666666666,"['NTPC', 'POWERGRID', 'EICHERMOT']",0.6666666666666666
fold_1,2023-04-20,"['HINDUNILVR', 'TRENT', 'TCS']",0.6666666666666666,"['NTPC', 'POWERGRID', 'EICHERMOT']",0.3333333333333333
fold_1,2023-04-21,"['HINDUNILVR', 'TRENT', 'TCS']",0.6666666666666666,"['NTPC', 'POWERGRID', 'EICHERMOT']",0.3333333333333333
fold_1,2023-04-24,"['HINDUNILVR', 'TRENT', 'TCS']",0.3333333333333333,"['NTPC', 'POWERGRID', 'EICHERMOT']",0.0
fold_1,2023-04-25,"['TRENT', 'HINDUNILVR', 'TCS']",0.6666666666666666,"['NTPC', 'POWERGRID', 'EICHERMOT']",0.3333333333333333
fold_1,2023-04-26,"['TRENT', 'TCS', 'ADANIENT']",0.6666666666666666,"['NTPC', 'POWERGRID', 'EICHERMOT']",0.3333333333333333
fold_1,2023-04-27,"['TRENT', 'ADANIENT', 'TCS']",0.6666666666666666,"['NTPC', 'POWERGRID', 'EICHERMOT']",0.3333333333333333
fold_1,2023-04-28,"['TRENT', 'ADANIENT', 'TCS']",0.6666666666666666,"['NTPC', 'POWERGRID', 'EICHERMOT']",0.0
fold_1,2023-05-02,"['TRENT', 'ADANIENT', 'TCS']",0.0,"['NTPC', 'POWERGRID', 'EICHERMOT']",0.3333333333333333
fold_1,2023-05-03,"['TRENT', 'ADANIENT', 'TCS']",1.0,"['NTPC', 'POWERGRID', 'EICHERMOT']",1.0
fold_1,2023-05-04,"['TRENT', 'ADANIENT', 'TCS']",0.6666666666666666,"['NTPC', 'POWERGRID', 'EICHERMOT']",0.3333333333333333
fold_1,2023-05-05,"['TRENT', 'ADANIENT', 'HCLTECH']",0.6666666666666666,"['NTPC', 'POWERGRID', 'EICHERMOT']",0.0
fold_1,2023-05-08,"['ADANIENT', 'TRENT', 'HCLTECH']",1.0,"['NTPC', 'POWERGRID', 'EICHERMOT']",0.6666666666666666
fold_1,2023-05-09,"['ADANIENT', 'TRENT', 'HCLTECH']",0.3333333333333333,"['NTPC', 'POWERGRID', 'EICHERMOT']",0.0
fold_1,2023-05-10,"['ADANIENT', 'TRENT', 'HCLTECH']",1.0,"['NTPC', 'POWERGRID', 'EICHERMOT']",0.3333333333333333
fold_1,2023-05-11,"['ADANIENT', 'TRENT', 'HCLTECH']",0.6666666666666666,"['NTPC', 'POWERGRID', 'EICHERMOT']",0.6666666666666666
fold_1,2023-05-12,"['ADANIENT', 'TRENT', 'HCLTECH']",0.6666666666666666,"['NTPC', 'POWERGRID', 'EICHERMOT']",0.0
fold_1,2023-05-15,"['ADANIENT', 'TRENT', 'HCLTECH']",0.0,"['NTPC', 'POWERGRID', 'EICHERMOT']",0.6666666666666666
fold_1,2023-05-16,"['ADANIENT', 'TRENT', 'HCLTECH']",0.3333333333333333,"['NTPC', 'POWERGRID', 'EICHERMOT']",0.6666666666666666
fold_1,2023-05-17,"['ADANIENT', 'TRENT', 'HCLTECH']",0.3333333333333333,"['NTPC', 'POWERGRID', 'NESTLEIND']",1.0
fold_1,2023-05-18,"['ADANIENT', 'TRENT', 'HCLTECH']",1.0,"['NTPC', 'POWERGRID', 'NESTLEIND']",1.0
fold_1,2023-05-19,"['ADANIENT', 'TRENT', 'HCLTECH']",1.0,"['NTPC', 'POWERGRID', 'NESTLEIND']",0.3333333333333333
fold_1,2023-05-22,"['ADANIENT', 'TRENT', 'HCLTECH']",0.6666666666666666,"['NTPC', 'POWERGRID', 'NESTLEIND']",1.0
fold_1,2023-05-23,"['ADANIENT', 'TRENT', 'HCLTECH']",0.3333333333333333,"['NTPC', 'POWERGRID', 'NESTLEIND']",0.3333333333333333
fold_1,2023-05-24,"['ADANIENT', 'TRENT', 'HCLTECH']",1.0,"['NTPC', 'POWERGRID', 'NESTLEIND']",0.3333333333333333
fold_1,2023-05-25,"['ADANIENT', 'TRENT', 'HCLTECH']",0.6666666666666666,"['NTPC', 'POWERGRID', 'NESTLEIND']",0.6666666666666666
fold_1,2023-05-26,"['ADANIENT', 'TRENT', 'HCLTECH']",0.3333333333333333,"['NTPC', 'POWERGRID', 'NESTLEIND']",0.3333333333333333
fold_1,2023-05-29,"['ADANIENT', 'TRENT', 'HCLTECH']",0.6666666666666666,"['NTPC', 'POWERGRID', 'NESTLEIND']",0.3333333333333333
fold_1,2023-05-30,"['ADANIENT', 'TRENT', 'HCLTECH']",0.3333333333333333,"['NTPC', 'POWERGRID', 'NESTLEIND']",0.6666666666666666
fold_1,2023-05-31,"['ADANIENT', 'TRENT', 'HCLTECH']",0.6666666666666666,"['NTPC', 'POWERGRID', 'NESTLEIND']",0.0
fold_1,2023-06-01,"['ADANIENT', 'TRENT', 'HCLTECH']",0.3333333333333333,"['NTPC', 'POWERGRID', 'NESTLEIND']",0.3333333333333333
fold_1,2023-06-02,"['ADANIENT', 'TRENT', 'HCLTECH']",0.0,"['NTPC', 'POWERGRID', 'NESTLEIND']",0.3333333333333333
fold_1,2023-06-05,"['ADANIENT', 'TRENT', 'HCLTECH']",0.3333333333333333,"['NTPC', 'POWERGRID', 'NESTLEIND']",0.3333333333333333
fold_1,2023-06-06,"['ADANIENT', 'TRENT', 'HCLTECH']",0.6666666666666666,"['NTPC', 'POWERGRID', 'NESTLEIND']",0.0
fold_1,2023-06-07,"['ADANIENT', 'TRENT', 'HCLTECH']",0.0,"['NTPC', 'POWERGRID', 'ASIANPAINT']",0.3333333333333333
fold_1,2023-06-08,"['ADANIENT', 'TRENT', 'HCLTECH']",0.6666666666666666,"['NTPC', 'POWERGRID', 'ASIANPAINT']",0.6666666666666666
fold_1,2023-06-09,"['ADANIENT', 'TRENT', 'HCLTECH']",1.0,"['NTPC', 'ASIANPAINT', 'POWERGRID']",0.3333333333333333
fold_1,2023-06-12,"['ADANIENT', 'HCLTECH', 'TRENT']",0.3333333333333333,"['NTPC', 'ASIANPAINT', 'POWERGRID']",0.3333333333333333
fold_1,2023-06-13,"['ADANIENT', 'HCLTECH', 'TRENT']",0.6666666666666666,"['NTPC', 'ASIANPAINT', 'POWERGRID']",0.0
fold_1,2023-06-14,"['ADANIENT', 'HCLTECH', 'TRENT']",0.6666666666666666,"['NTPC', 'ASIANPAINT', 'POWERGRID']",0.3333333333333333
fold_1,2023-06-15,"['ADANIENT', 'HCLTECH', 'TRENT']",1.0,"['NTPC', 'ASIANPAINT', 'POWERGRID']",0.3333333333333333
fold_1,2023-06-16,"['ADANIENT', 'HCLTECH', 'TRENT']",0.0,"['NTPC', 'ASIANPAINT', 'POWERGRID']",1.0
fold_1,2023-06-19,"['ADANIENT', 'HCLTECH', 'TRENT']",1.0,"['NTPC', 'ASIANPAINT', 'POWERGRID']",0.0
fold_1,2023-06-20,"['ADANIENT', 'HCLTECH', 'TRENT']",0.6666666666666666,"['NTPC', 'ASIANPAINT', 'POWERGRID']",0.3333333333333333
fold_1,2023-06-21,"['ADANIENT', 'HCLTECH', 'TRENT']",0.3333333333333333,"['ASIANPAINT', 'NTPC', 'POWERGRID']",1.0
fold_1,2023-06-22,"['ADANIENT', 'HCLTECH', 'TCS']",0.3333333333333333,"['ASIANPAINT', 'NTPC', 'POWERGRID']",0.3333333333333333
fold_1,2023-06-23,"['ADANIENT', 'HCLTECH', 'TCS']",0.3333333333333333,"['ASIANPAINT', 'NTPC', 'POWERGRID']",0.6666666666666666
fold_1,2023-06-26,"['ADANIENT', 'HCLTECH', 'TCS']",0.6666666666666666,"['ASIANPAINT', 'NTPC', 'POWERGRID']",0.0
fold_1,2023-06-27,"['ADANIENT', 'HCLTECH', 'TCS']",1.0,"['ASIANPAINT', 'NTPC', 'POWERGRID']",0.0
fold_1,2023-06-28,"['ADANIENT', 'TCS', 'HCLTECH']",0.6666666666666666,"['ASIANPAINT', 'NTPC', 'SHRIRAMFIN']",0.0
fold_1,2023-06-30,"['ADANIENT', 'TCS', 'HCLTECH']",0.0,"['ASIANPAINT', 'NTPC', 'SHRIRAMFIN']",0.3333333333333333
fold_1,2023-07-03,"['ADANIENT', 'TCS', 'SBILIFE']",0.6666666666666666,"['ASIANPAINT', 'NTPC', 'SHRIRAMFIN']",0.3333333333333333
fold_1,2023-07-04,"['ADANIENT', 'TCS', 'SBILIFE']",1.0,"['ASIANPAINT', 'NTPC', 'SHRIRAMFIN']",0.3333333333333333
fold_1,2023-07-05,"['ADANIENT', 'TCS', 'SBILIFE']",0.0,"['ASIANPAINT', 'NTPC', 'SHRIRAMFIN']",0.3333333333333333
fold_1,2023-07-06,"['ADANIENT', 'TCS', 'SBILIFE']",0.3333333333333333,"['ASIANPAINT', 'NTPC', 'SHRIRAMFIN']",1.0
fold_1,2023-07-07,"['ADANIENT', 'TCS', 'SBILIFE']",0.3333333333333333,"['ASIANPAINT', 'NTPC', 'SHRIRAMFIN']",0.6666666666666666
fold_1,2023-07-10,"['ADANIENT', 'TCS', 'SBILIFE']",0.6666666666666666,"['ASIANPAINT', 'NTPC', 'SHRIRAMFIN']",0.0
fold_1,2023-07-11,"['ADANIENT', 'TCS', 'SBILIFE']",0.3333333333333333,"['ASIANPAINT', 'NTPC', 'SHRIRAMFIN']",0.3333333333333333
fold_1,2023-07-12,"['ADANIENT', 'TCS', 'SBILIFE']",0.6666666666666666,"['ASIANPAINT', 'NTPC', 'SHRIRAMFIN']",1.0
fold_1,2023-07-13,"['ADANIENT', 'SBILIFE', 'TCS']",1.0,"['ASIANPAINT', 'SHRIRAMFIN', 'NTPC']",0.6666666666666666
fold_1,2023-07-14,"['ADANIENT', 'SBILIFE', 'TCS']",0.3333333333333333,"['ASIANPAINT', 'SHRIRAMFIN', 'NTPC']",0.6666666666666666
fold_1,2023-07-17,"['ADANIENT', 'SBILIFE', 'TCS']",1.0,"['ASIANPAINT', 'SHRIRAMFIN', 'NTPC']",0.0
fold_1,2023-07-18,"['ADANIENT', 'SBILIFE', 'TCS']",0.3333333333333333,"['ASIANPAINT', 'SHRIRAMFIN', 'NTPC']",0.3333333333333333
fold_1,2023-07-19,"['ADANIENT', 'SBILIFE', 'TRENT']",0.6666666666666666,"['SHRIRAMFIN', 'ASIANPAINT', 'NTPC']",0.6666666666666666
fold_1,2023-07-20,"['ADANIENT', 'SBILIFE', 'TRENT']",0.3333333333333333,"['SHRIRAMFIN', 'ASIANPAINT', 'NTPC']",0.3333333333333333
fold_1,2023-07-21,"['ADANIENT', 'SBILIFE', 'TRENT']",0.3333333333333333,"['SHRIRAMFIN', 'ASIANPAINT', 'NTPC']",0.3333333333333333
fold_1,2023-07-24,"['ADANIENT', 'TRENT', 'SBILIFE']",0.3333333333333333,"['SHRIRAMFIN', 'ASIANPAINT', 'NTPC']",0.3333333333333333
fold_1,2023-07-25,"['ADANIENT', 'TRENT', 'SBILIFE']",0.6666666666666666,"['SHRIRAMFIN', 'ASIANPAINT', 'NTPC']",0.3333333333333333
fold_1,2023-07-26,"['ADANIENT', 'TRENT', 'SBILIFE']",0.6666666666666666,"['SHRIRAMFIN', 'ASIANPAINT', 'NTPC']",0.3333333333333333
fold_1,2023-07-27,"['ADANIENT', 'TRENT', 'SBILIFE']",0.6666666666666666,"['SHRIRAMFIN', 'ASIANPAINT', 'NTPC']",0.3333333333333333
fold_1,2023-07-28,"['ADANIENT', 'TRENT', 'SBILIFE']",0.6666666666666666,"['SHRIRAMFIN', 'ASIANPAINT', 'NTPC']",0.3333333333333333
fold_1,2023-07-31,"['ADANIENT', 'TRENT', 'SBILIFE']",0.0,"['SHRIRAMFIN', 'ASIANPAINT', 'NTPC']",0.6666666666666666
fold_1,2023-08-01,"['ADANIENT', 'TRENT', 'SBILIFE']",0.0,"['SHRIRAMFIN', 'ASIANPAINT', 'NTPC']",0.6666666666666666
fold_1,2023-08-02,"['ADANIENT', 'TRENT', 'SBILIFE']",0.6666666666666666,"['SHRIRAMFIN', 'ASIANPAINT', 'NTPC']",0.6666666666666666
fold_1,2023-08-03,"['ADANIENT', 'TRENT', 'SBILIFE']",1.0,"['SHRIRAMFIN', 'ASIANPAINT', 'NTPC']",0.3333333333333333
fold_1,2023-08-04,"['ADANIENT', 'TRENT', 'HCLTECH']",0.6666666666666666,"['SHRIRAMFIN', 'ASIANPAINT', 'NTPC']",0.3333333333333333
fold_1,2023-08-07,"['ADANIENT', 'TRENT', 'HCLTECH']",0.3333333333333333,"['SHRIRAMFIN', 'ASIANPAINT', 'NTPC']",0.3333333333333333
fold_1,2023-08-08,"['ADANIENT', 'TRENT', 'HCLTECH']",1.0,"['SHRIRAMFIN', 'ASIANPAINT', 'NTPC']",0.6666666666666666
fold_1,2023-08-09,"['ADANIENT', 'TRENT', 'HCLTECH']",0.6666666666666666,"['SHRIRAMFIN', 'ASIANPAINT', 'NTPC']",1.0
fold_1,2023-08-10,"['ADANIENT', 'TRENT', 'HCLTECH']",0.6666666666666666,"['SHRIRAMFIN', 'ASIANPAINT', 'NTPC']",1.0
fold_1,2023-08-11,"['ADANIENT', 'TRENT', 'HCLTECH']",0.6666666666666666,"['SHRIRAMFIN', 'ASIANPAINT', 'NTPC']",0.3333333333333333
fold_1,2023-08-14,"['ADANIENT', 'TRENT', 'HCLTECH']",0.6666666666666666,"['SHRIRAMFIN', 'ASIANPAINT', 'NTPC']",0.6666666666666666
fold_1,2023-08-16,"['ADANIENT', 'TRENT', 'HCLTECH']",0.6666666666666666,"['SHRIRAMFIN', 'ASIANPAINT', 'NTPC']",0.6666666666666666
fold_1,2023-08-17,"['ADANIENT', 'TRENT', 'HCLTECH']",0.3333333333333333,"['SHRIRAMFIN', 'NTPC', 'ASIANPAINT']",1.0
fold_1,2023-08-18,"['ADANIENT', 'TRENT', 'HCLTECH']",1.0,"['SHRIRAMFIN', 'NTPC', 'ASIANPAINT']",0.0
fold_1,2023-08-21,"['ADANIENT', 'TRENT', 'HCLTECH']",1.0,"['SHRIRAMFIN', 'NTPC', 'ASIANPAINT']",0.3333333333333333
fold_1,2023-08-22,"['ADANIENT', 'TRENT', 'HCLTECH']",0.6666666666666666,"['SHRIRAMFIN', 'NTPC', 'ASIANPAINT']",0.3333333333333333
fold_1,2023-08-23,"['ADANIENT', 'TRENT', 'HCLTECH']",0.6666666666666666,"['SHRIRAMFIN', 'NTPC', 'ASIANPAINT']",0.3333333333333333
fold_1,2023-08-24,"['ADANIENT', 'TRENT', 'HINDUNILVR']",0.0,"['SHRIRAMFIN', 'NTPC', 'ASIANPAINT']",0.6666666666666666
fold_1,2023-08-25,"['ADANIENT', 'TRENT', 'HINDUNILVR']",0.0,"['SHRIRAMFIN', 'NTPC', 'ASIANPAINT']",0.0
fold_1,2023-08-28,"['ADANIENT', 'HINDUNILVR', 'TRENT']",0.6666666666666666,"['SHRIRAMFIN', 'NTPC', 'ASIANPAINT']",0.3333333333333333
fold_1,2023-08-29,"['ADANIENT', 'HINDUNILVR', 'TRENT']",1.0,"['SHRIRAMFIN', 'NTPC', 'ASIANPAINT']",0.6666666666666666
fold_1,2023-08-30,"['ADANIENT', 'HINDUNILVR', 'TRENT']",0.0,"['SHRIRAMFIN', 'NTPC', 'EICHERMOT']",0.6666666666666666
fold_1,2023-08-31,"['ADANIENT', 'HINDUNILVR', 'TRENT']",0.6666666666666666,"['SHRIRAMFIN', 'NTPC', 'EICHERMOT']",0.3333333333333333
fold_1,2023-09-01,"['HINDUNILVR', 'ADANIENT', 'TRENT']",0.3333333333333333,"['SHRIRAMFIN', 'NTPC', 'EICHERMOT']",0.3333333333333333
fold_1,2023-09-04,"['HINDUNILVR', 'ADANIENT', 'TRENT']",1.0,"['SHRIRAMFIN', 'NTPC', 'EICHERMOT']",0.6666666666666666
fold_1,2023-09-05,"['HINDUNILVR', 'ADANIENT', 'TRENT']",0.6666666666666666,"['SHRIRAMFIN', 'NTPC', 'EICHERMOT']",1.0
fold_1,2023-09-06,"['HINDUNILVR', 'ADANIENT', 'HCLTECH']",0.6666666666666666,"['SHRIRAMFIN', 'NTPC', 'EICHERMOT']",0.3333333333333333
fold_1,2023-09-07,"['HINDUNILVR', 'ADANIENT', 'HCLTECH']",1.0,"['SHRIRAMFIN', 'NTPC', 'EICHERMOT']",0.3333333333333333
fold_1,2023-09-08,"['HINDUNILVR', 'ADANIENT', 'HCLTECH']",1.0,"['SHRIRAMFIN', 'NTPC', 'EICHERMOT']",0.3333333333333333
fold_1,2023-09-11,"['HINDUNILVR', 'ADANIENT', 'HCLTECH']",0.3333333333333333,"['SHRIRAMFIN', 'NTPC', 'EICHERMOT']",1.0
fold_1,2023-09-12,"['HINDUNILVR', 'ADANIENT', 'HCLTECH']",0.3333333333333333,"['SHRIRAMFIN', 'NTPC', 'EICHERMOT']",0.3333333333333333
fold_1,2023-09-13,"['HINDUNILVR', 'ADANIENT', 'HCLTECH']",0.3333333333333333,"['SHRIRAMFIN', 'NTPC', 'EICHERMOT']",0.0
fold_1,2023-09-14,"['HINDUNILVR', 'ADANIENT', 'HCLTECH']",0.6666666666666666,"['SHRIRAMFIN', 'NTPC', 'EICHERMOT']",0.3333333333333333
fold_1,2023-09-15,"['HINDUNILVR', 'ADANIENT', 'HCLTECH']",0.6666666666666666,"['SHRIRAMFIN', 'NTPC', 'EICHERMOT']",0.6666666666666666
fold_1,2023-09-18,"['HINDUNILVR', 'ADANIENT', 'HCLTECH']",0.0,"['SHRIRAMFIN', 'NTPC', 'EICHERMOT']",0.0
fold_1,2023-09-20,"['HINDUNILVR', 'ADANIENT', 'HCLTECH']",0.6666666666666666,"['SHRIRAMFIN', 'NTPC', 'EICHERMOT']",1.0
fold_1,2023-09-21,"['HINDUNILVR', 'ADANIENT', 'HCLTECH']",0.3333333333333333,"['SHRIRAMFIN', 'NTPC', 'EICHERMOT']",1.0
fold_1,2023-09-22,"['HINDUNILVR', 'ADANIENT', 'HCLTECH']",0.3333333333333333,"['SHRIRAMFIN', 'NTPC', 'EICHERMOT']",0.3333333333333333
fold_1,2023-09-25,"['HINDUNILVR', 'ADANIENT', 'HCLTECH']",0.3333333333333333,"['SHRIRAMFIN', 'NTPC', 'EICHERMOT']",0.3333333333333333
fold_1,2023-09-26,"['HINDUNILVR', 'ADANIENT', 'SBILIFE']",1.0,"['SHRIRAMFIN', 'NTPC', 'EICHERMOT']",0.3333333333333333
fold_1,2023-09-27,"['HINDUNILVR', 'ADANIENT', 'SBILIFE']",0.0,"['SHRIRAMFIN', 'NTPC', 'EICHERMOT']",1.0
fold_1,2023-09-28,"['HINDUNILVR', 'ADANIENT', 'SBILIFE']",0.6666666666666666,"['SHRIRAMFIN', 'NTPC', 'EICHERMOT']",0.0
fold_1,2023-09-29,"['HINDUNILVR', 'ADANIENT', 'SBILIFE']",0.0,"['SHRIRAMFIN', 'NTPC', 'EICHERMOT']",0.6666666666666666
fold_1,2023-10-03,"['HINDUNILVR', 'ADANIENT', 'SBILIFE']",0.6666666666666666,"['SHRIRAMFIN', 'NTPC', 'EICHERMOT']",0.6666666666666666
fold_1,2023-10-04,"['HINDUNILVR', 'ADANIENT', 'SBILIFE']",1.0,"['SHRIRAMFIN', 'NTPC', 'EICHERMOT']",0.6666666666666666
fold_1,2023-10-05,"['HINDUNILVR', 'ADANIENT', 'TRENT']",0.6666666666666666,"['SHRIRAMFIN', 'NTPC', 'EICHERMOT']",0.0
fold_1,2023-10-06,"['HINDUNILVR', 'ADANIENT', 'TRENT']",0.6666666666666666,"['SHRIRAMFIN', 'NTPC', 'EICHERMOT']",1.0
fold_1,2023-10-09,"['HINDUNILVR', 'ADANIENT', 'TRENT']",0.6666666666666666,"['SHRIRAMFIN', 'NTPC', 'EICHERMOT']",0.0
fold_1,2023-10-10,"['HINDUNILVR', 'ADANIENT', 'TRENT']",1.0,"['SHRIRAMFIN', 'NTPC', 'EICHERMOT']",0.0
fold_1,2023-10-11,"['HINDUNILVR', 'ADANIENT', 'TRENT']",0.6666666666666666,"['SHRIRAMFIN', 'NTPC', 'EICHERMOT']",0.3333333333333333
fold_1,2023-10-12,"['HINDUNILVR', 'ADANIENT', 'TRENT']",0.6666666666666666,"['SHRIRAMFIN', 'NTPC', 'EICHERMOT']",0.6666666666666666
fold_1,2023-10-13,"['HINDUNILVR', 'ADANIENT', 'TRENT']",0.3333333333333333,"['SHRIRAMFIN', 'NTPC', 'EICHERMOT']",0.3333333333333333
fold_1,2023-10-16,"['HINDUNILVR', 'ADANIENT', 'TRENT']",0.3333333333333333,"['SHRIRAMFIN', 'NTPC', 'EICHERMOT']",0.0
fold_1,2023-10-17,"['HINDUNILVR', 'ADANIENT', 'TRENT']",0.0,"['SHRIRAMFIN', 'NTPC', 'EICHERMOT']",1.0
fold_1,2023-10-18,"['HINDUNILVR', 'ADANIENT', 'TRENT']",0.3333333333333333,"['SHRIRAMFIN', 'NTPC', 'EICHERMOT']",0.3333333333333333
fold_1,2023-10-19,"['HINDUNILVR', 'ADANIENT', 'TRENT']",0.0,"['SHRIRAMFIN', 'NTPC', 'EICHERMOT']",0.6666666666666666
fold_1,2023-10-20,"['HINDUNILVR', 'ADANIENT', 'TRENT']",0.0,"['SHRIRAMFIN', 'NTPC', 'EICHERMOT']",1.0
fold_1,2023-10-23,"['HINDUNILVR', 'ADANIENT', 'TRENT']",0.3333333333333333,"['SHRIRAMFIN', 'NTPC', 'EICHERMOT']",1.0
fold_1,2023-10-25,"['HINDUNILVR', 'ADANIENT', 'TRENT']",0.3333333333333333,"['SHRIRAMFIN', 'NTPC', 'EICHERMOT']",1.0
fold_1,2023-10-26,"['HINDUNILVR', 'ADANIENT', 'TRENT']",1.0,"['SHRIRAMFIN', 'NTPC', 'EICHERMOT']",0.0
fold_1,2023-10-27,"['HINDUNILVR', 'TRENT', 'ADANIENT']",0.6666666666666666,"['SHRIRAMFIN', 'NTPC', 'EICHERMOT']",1.0
fold_1,2023-10-30,"['HINDUNILVR', 'TRENT', 'ADANIENT']",1.0,"['SHRIRAMFIN', 'NTPC', 'EICHERMOT']",0.6666666666666666
fold_1,2023-10-31,"['HINDUNILVR', 'TRENT', 'ADANIENT']",0.3333333333333333,"['SHRIRAMFIN', 'NTPC', 'EICHERMOT']",0.6666666666666666
fold_1,2023-11-01,"['HINDUNILVR', 'TRENT', 'ADANIENT']",0.3333333333333333,"['NTPC', 'SHRIRAMFIN', 'EICHERMOT']",0.0
fold_1,2023-11-02,"['HINDUNILVR', 'TRENT', 'ADANIENT']",1.0,"['SHRIRAMFIN', 'NTPC', 'EICHERMOT']",0.3333333333333333
fold_1,2023-11-03,"['HINDUNILVR', 'TRENT', 'ADANIENT']",0.6666666666666666,"['SHRIRAMFIN', 'NTPC', 'EICHERMOT']",0.3333333333333333
fold_1,2023-11-06,"['HINDUNILVR', 'TRENT', 'ADANIENT']",0.6666666666666666,"['SHRIRAMFIN', 'NTPC', 'EICHERMOT']",0.3333333333333333
fold_1,2023-11-07,"['HINDUNILVR', 'TRENT', 'ADANIENT']",0.6666666666666666,"['SHRIRAMFIN', 'NTPC', 'EICHERMOT']",0.6666666666666666
fold_1,2023-11-08,"['HINDUNILVR', 'TRENT', 'ADANIENT']",0.3333333333333333,"['SHRIRAMFIN', 'NTPC', 'EICHERMOT']",0.6666666666666666
fold_1,2023-11-09,"['TRENT', 'HINDUNILVR', 'ADANIENT']",0.6666666666666666,"['SHRIRAMFIN', 'NTPC', 'EICHERMOT']",0.3333333333333333
fold_1,2023-11-10,"['TRENT', 'HINDUNILVR', 'ADANIENT']",1.0,"['SHRIRAMFIN', 'NTPC', 'EICHERMOT']",0.0
fold_1,2023-11-12,"['TRENT', 'HINDUNILVR', 'ADANIENT']",0.6666666666666666,"['SHRIRAMFIN', 'NTPC', 'EICHERMOT']",0.0
fold_1,2023-11-13,"['TRENT', 'HINDUNILVR', 'ADANIENT']",0.6666666666666666,"['SHRIRAMFIN', 'NTPC', 'EICHERMOT']",0.0
fold_1,2023-11-15,"['TRENT', 'HINDUNILVR', 'ADANIENT']",0.3333333333333333,"['SHRIRAMFIN', 'NTPC', 'EICHERMOT']",0.6666666666666666
fold_1,2023-11-16,"['TRENT', 'HINDUNILVR', 'ADANIENT']",1.0,"['SHRIRAMFIN', 'NTPC', 'EICHERMOT']",0.6666666666666666
fold_1,2023-11-17,"['HINDUNILVR', 'TRENT', 'ADANIENT']",0.3333333333333333,"['SHRIRAMFIN', 'NTPC', 'EICHERMOT']",0.6666666666666666
fold_1,2023-11-20,"['HINDUNILVR', 'TRENT', 'TCS']",0.0,"['SHRIRAMFIN', 'NTPC', 'EICHERMOT']",0.6666666666666666
fold_1,2023-11-21,"['HINDUNILVR', 'TRENT', 'TCS']",1.0,"['SHRIRAMFIN', 'NTPC', 'EICHERMOT']",0.6666666666666666
fold_1,2023-11-22,"['HINDUNILVR', 'TRENT', 'TCS']",0.6666666666666666,"['SHRIRAMFIN', 'NTPC', 'EICHERMOT']",0.6666666666666666
fold_1,2023-11-23,"['HINDUNILVR', 'TCS', 'TRENT']",0.0,"['SHRIRAMFIN', 'NTPC', 'EICHERMOT']",0.6666666666666666
fold_1,2023-11-24,"['HINDUNILVR', 'TCS', 'TRENT']",0.6666666666666666,"['SHRIRAMFIN', 'NTPC', 'EICHERMOT']",0.3333333333333333
fold_1,2023-11-28,"['HINDUNILVR', 'TCS', 'TRENT']",0.6666666666666666,"['SHRIRAMFIN', 'NTPC', 'EICHERMOT']",0.3333333333333333
fold_1,2023-11-29,"['HINDUNILVR', 'TCS', 'ADANIENT']",0.3333333333333333,"['SHRIRAMFIN', 'NTPC', 'EICHERMOT']",0.0
fold_1,2023-11-30,"['HINDUNILVR', 'TCS', 'ADANIENT']",0.6666666666666666,"['SHRIRAMFIN', 'NTPC', 'EICHERMOT']",0.3333333333333333
fold_1,2023-12-01,"['HINDUNILVR', 'TCS', 'ADANIENT']",1.0,"['SHRIRAMFIN', 'NTPC', 'EICHERMOT']",0.0
fold_1,2023-12-04,"['HINDUNILVR', 'TCS', 'ADANIENT']",0.6666666666666666,"['SHRIRAMFIN', 'NTPC', 'EICHERMOT']",0.6666666666666666
fold_1,2023-12-05,"['HINDUNILVR', 'ADANIENT', 'TCS']",0.6666666666666666,"['SHRIRAMFIN', 'NTPC', 'EICHERMOT']",1.0
fold_1,2023-12-06,"['HINDUNILVR', 'ADANIENT', 'TCS']",0.6666666666666666,"['SHRIRAMFIN', 'NTPC', 'EICHERMOT']",0.3333333333333333
fold_1,2023-12-07,"['HINDUNILVR', 'ADANIENT', 'TCS']",0.6666666666666666,"['SHRIRAMFIN', 'NTPC', 'EICHERMOT']",1.0
fold_1,2023-12-08,"['HINDUNILVR', 'ADANIENT', 'TCS']",0.6666666666666666,"['SHRIRAMFIN', 'NTPC', 'EICHERMOT']",0.3333333333333333
fold_1,2023-12-11,"['HINDUNILVR', 'ADANIENT', 'SBILIFE']",0.3333333333333333,"['SHRIRAMFIN', 'NTPC', 'EICHERMOT']",1.0
fold_1,2023-12-12,"['HINDUNILVR', 'ADANIENT', 'SBILIFE']",0.6666666666666666,"['SHRIRAMFIN', 'NTPC', 'EICHERMOT']",0.3333333333333333
fold_1,2023-12-13,"['ADANIENT', 'HINDUNILVR', 'SBILIFE']",1.0,"['SHRIRAMFIN', 'NTPC', 'EICHERMOT']",0.0
fold_1,2023-12-14,"['ADANIENT', 'HINDUNILVR', 'SBILIFE']",0.6666666666666666,"['SHRIRAMFIN', 'NTPC', 'POWERGRID']",0.3333333333333333
fold_1,2023-12-15,"['ADANIENT', 'HINDUNILVR', 'SBILIFE']",0.3333333333333333,"['SHRIRAMFIN', 'NTPC', 'POWERGRID']",1.0
fold_1,2023-12-18,"['ADANIENT', 'HINDUNILVR', 'SBILIFE']",0.3333333333333333,"['SHRIRAMFIN', 'NTPC', 'POWERGRID']",0.0
fold_1,2023-12-19,"['ADANIENT', 'HINDUNILVR', 'SBILIFE']",0.0,"['SHRIRAMFIN', 'NTPC', 'POWERGRID']",1.0
fold_1,2023-12-20,"['ADANIENT', 'SBILIFE', 'HINDUNILVR']",0.3333333333333333,"['SHRIRAMFIN', 'NTPC', 'POWERGRID']",0.0
fold_1,2023-12-21,"['ADANIENT', 'SBILIFE', 'HINDUNILVR']",0.3333333333333333,"['SHRIRAMFIN', 'NTPC', 'POWERGRID']",0.3333333333333333
fold_1,2023-12-22,"['ADANIENT', 'SBILIFE', 'DIVISLAB']",1.0,"['SHRIRAMFIN', 'NTPC', 'POWERGRID']",0.3333333333333333
fold_1,2023-12-26,"['ADANIENT', 'SBILIFE', 'DIVISLAB']",0.6666666666666666,"['SHRIRAMFIN', 'NTPC', 'POWERGRID']",0.3333333333333333
fold_1,2023-12-27,"['ADANIENT', 'SBILIFE', 'DIVISLAB']",0.6666666666666666,"['SHRIRAMFIN', 'NTPC', 'HEROMOTOCO']",0.3333333333333333
fold_1,2023-12-28,"['ADANIENT', 'SBILIFE', 'DIVISLAB']",0.6666666666666666,"['SHRIRAMFIN', 'NTPC', 'HEROMOTOCO']",0.6666666666666666
