model,metric,paper_reference,reconstructed_run,difference,provenance_note
attention_lstm,accuracy,,,,paper_reference transcribed from paper; reconstructed_run populated after reproduce_paper.py
attention_lstm,brier,,,,
attention_lstm,ece,,,,
attention_lstm,precision_at_3,,,,
lstm,accuracy,,,,
lstm,brier,,,,
lstm,ece,,,,
lstm,precision_at_3,,,,
random_forest,accuracy,,,,
random_forest,brier,,,,
random_forest,ece,,,,
random_forest,precision_at_3,,,,
logistic_regression,accuracy,,,,
logistic_regression,brier,,,,
logistic_regression,ece,,,,
logistic_regression,precision_at_3,,,,
majority,accuracy,,,,
majority,brier,,,,
majority,ece,,,,
majority,precision_at_3,,,,
