ticker,fold,n_test,temperature,accuracy,f1,roc_auc,brier_raw,brier_calibrated,ece_raw,ece_calibrated
ADANIENT,fold_0,247,0.9976062774658203,0.5910931174089069,0.7430025445292621,0.3926488539264885,0.24522201716899872,0.2452142983675003,0.05199241638183594,0.051898956298828125
APOLLOHOSP,fold_0,247,0.9999449253082275,0.47368421052631576,0.4881889763779528,0.47986357077266173,0.250565767288208,0.2505657970905304,0.03498973296238826,0.03499019145965576
ASIANPAINT,fold_0,247,1.40626859664917,0.5222672064777328,0.6861702127659575,0.45315990014452767,0.251025915145874,0.25022196769714355,0.026786386966705322,0.012676417827606201
AXISBANK,fold_0,247,0.9999974370002747,0.4291497975708502,0.0,0.5260270306436505,0.2559003233909607,0.2559003233909607,0.10505205392837524,0.10505211353302002
BAJAJ-AUTO,fold_0,247,1.0025266408920288,0.4817813765182186,0.0,0.5498949579831931,0.2534652650356293,0.2534511089324951,0.06441715359687805,0.06430140137672424
BAJAJFINSV,fold_0,247,1.0000141859054565,0.5101214574898786,0.0,0.516824085005903,0.24958691000938416,0.24958692491054535,0.0009114444255828857,0.0009112656116485596
BAJFINANCE,fold_0,247,0.9999933242797852,0.4777327935222672,0.6260869565217392,0.5554460649060571,0.2505462169647217,0.25054624676704407,0.04173905176189747,0.041739161318612966
BHARTIARTL,fold_0,247,1.0000040531158447,0.48582995951417,0.0,0.538517060367454,0.25328871607780457,0.25328871607780457,0.05958119034767151,0.05958107113838196
BPCL,fold_0,247,0.9998952150344849,0.43724696356275305,0.6084507042253521,0.5605515587529976,0.2549084722995758,0.2549091875553131,0.10124480724334717,0.10124880075454712
BRITANNIA,fold_0,247,0.9999963641166687,0.5344129554655871,0.6627565982404692,0.483695652173913,0.24988465011119843,0.24988466501235962,0.031984411753140964,0.031984411753140964
CIPLA,fold_0,247,1.0029268264770508,0.5344129554655871,0.0,0.5467391304347826,0.24874481558799744,0.24874302744865417,0.008749127388000488,0.00862380862236023
COALINDIA,fold_0,247,0.9999949336051941,0.4574898785425101,0.0,0.4872539955091798,0.2507603168487549,0.2507603168487549,0.050326913595199585,0.05032694339752197
DIVISLAB,fold_0,247,1.2388331890106201,0.5141700404858299,0.679144385026738,0.48398950131233603,0.25260424613952637,0.25145503878593445,0.050468504428863525,0.03811156749725342
DRREDDY,fold_0,247,0.9999589323997498,0.48582995951417,0.5415162454873647,0.4828902342721768,0.25082308053970337,0.25082314014434814,0.0351034804635685,0.03510366410378985
EICHERMOT,fold_0,247,0.9999953508377075,0.48582995951417,0.0,0.4945538057742782,0.2522948980331421,0.2522948980331421,0.05362924933433533,0.05362945795059204
GRASIM,fold_0,247,1.0000065565109253,0.4939271255060729,0.2236024844720497,0.523545706371191,0.2501579225063324,0.2501579225063324,0.04254063674312854,0.0425405838952856
HCLTECH,fold_0,247,1.0000038146972656,0.4817813765182186,0.6502732240437158,0.4581144957983193,0.2527780830860138,0.2527780532836914,0.05308908224105835,0.0530889630317688
HDFCBANK,fold_0,247,1.0000321865081787,0.4898785425101215,0.36363636363636365,0.48418635170603674,0.25061681866645813,0.25061678886413574,0.020626378204175816,0.020626209042815542
HEROMOTOCO,fold_0,247,0.9999942183494568,0.5465587044534413,0.5483870967741935,0.5710803689064559,0.2489771693944931,0.2489771693944931,0.03710076454197347,0.03710070493732869
HINDALCO,fold_0,247,1.0001428127288818,0.48582995951417,0.0,0.5381233595800525,0.2524827718734741,0.25248217582702637,0.05538979172706604,0.055383920669555664
HINDUNILVR,fold_0,247,0.9983438849449158,0.5060728744939271,0.4649122807017544,0.5324110671936759,0.24900197982788086,0.24900120496749878,0.034348257760769926,0.03434813758622297
ICICIBANK,fold_0,247,1.000002384185791,0.47368421052631576,0.0,0.46571334648257723,0.25060856342315674,0.25060856342315674,0.03472885489463806,0.034728825092315674
INDIGO,fold_0,247,0.9999959468841553,0.5708502024291497,0.4803921568627451,0.5424316470743628,0.24951091408729553,0.24951091408729553,0.06695825802652458,0.06695825802652458
INDUSINDBK,fold_0,247,1.0000009536743164,0.4979757085020243,0.6374269005847953,0.500395256916996,0.24984021484851837,0.24984021484851837,0.030975171911571675,0.030975171911571675
INFY,fold_0,247,0.9999903440475464,0.4939271255060729,0.6612466124661247,0.5288524590163936,0.2529212534427643,0.25292131304740906,0.056974947452545166,0.056975483894348145
ITC,fold_0,247,0.9999907612800598,0.42105263157894735,0.0,0.5539268423883809,0.25538843870162964,0.2553884983062744,0.1124809980392456,0.11248129606246948
JSWSTEEL,fold_0,247,1.0036593675613403,0.4939271255060729,0.0,0.43068852459016393,0.2533843517303467,0.253365159034729,0.04948660731315613,0.049329131841659546
KOTAKBANK,fold_0,247,1.0041056871414185,0.4979757085020243,0.6648648648648648,0.43954891161814846,0.2511998116970062,0.25119346380233765,0.01957780122756958,0.01950615644454956
LT,fold_0,247,1.001975655555725,0.4979757085020243,0.0,0.529897718332022,0.253288209438324,0.25327518582344055,0.05970710515975952,0.05959448218345642
MARUTI,fold_0,247,0.9999397397041321,0.4979757085020243,0.0,0.5029504327301337,0.25124624371528625,0.2512463927268982,0.03754603862762451,0.037548184394836426
MM,fold_0,247,0.9999892115592957,0.5101214574898786,0.22929936305732485,0.5317523056653491,0.25080087780952454,0.25080087780952454,0.05488628028375417,0.05488648853803936
NESTLEIND,fold_0,247,1.0000431537628174,0.48582995951417,0.0,0.5382874015748031,0.25091439485549927,0.2509143650531769,0.03681972622871399,0.03681880235671997
NTPC,fold_0,247,1.000002145767212,0.4979757085020243,0.0,0.5438630999213218,0.25213873386383057,0.25213873386383057,0.05929479002952576,0.059294700622558594
ONGC,fold_0,247,0.9999972581863403,0.4534412955465587,0.19161676646706588,0.5011857707509881,0.2513662874698639,0.2513663172721863,0.06185917465792976,0.06185925139589348
POWERGRID,fold_0,247,1.0000483989715576,0.5303643724696356,0.0,0.5413924717030797,0.2492939531803131,0.24929386377334595,0.01930364966392517,0.019301265478134155
RELIANCE,fold_0,247,0.9999988079071045,0.4493927125506073,0.5555555555555556,0.4060367454068242,0.2505360245704651,0.2505360245704651,0.053424991938749306,0.053424948743480416
SBILIFE,fold_0,247,1.0000028610229492,0.4534412955465587,0.16149068322981366,0.45314556462226896,0.25092896819114685,0.25092896819114685,0.05384500270430376,0.05384500270430376
SBIN,fold_0,247,1.3809694051742554,0.46153846153846156,0.0,0.49485555995251285,0.2561039924621582,0.25395315885543823,0.08718067407608032,0.07379400730133057
SHRIRAMFIN,fold_0,247,0.9999704957008362,0.5020242914979757,0.49795918367346936,0.5229330708661417,0.24975678324699402,0.24975678324699402,0.01285649830030526,0.012856455587665079
SUNPHARMA,fold_0,247,1.000023603439331,0.5344129554655871,0.0,0.5070158102766799,0.2489657700061798,0.248965784907341,0.01274728775024414,0.012747794389724731
TATACONSUM,fold_0,247,0.9999798536300659,0.5182186234817814,0.6826666666666666,0.5279017857142858,0.2493274062871933,0.24932746589183807,0.02185225486755371,0.02185302972793579
TATASTEEL,fold_0,247,1.0035403966903687,0.4817813765182186,0.0,0.49481355042016806,0.25321221351623535,0.25319522619247437,0.057832539081573486,0.057693421840667725
TCS,fold_0,247,1.0033659934997559,0.4777327935222672,0.6465753424657534,0.48712389961897257,0.2539080083370209,0.25388941168785095,0.06104549765586853,0.06091615557670593
TECHM,fold_0,247,1.0000094175338745,0.44534412955465585,0.6162464985994398,0.45852687458526875,0.2526090741157532,0.2526090443134308,0.07262924313545227,0.07262906432151794
TITAN,fold_0,247,1.0027008056640625,0.5060728744939271,0.6720430107526881,0.48399999999999993,0.2521904408931732,0.25217804312705994,0.04233825206756592,0.04220879077911377
TRENT,fold_0,247,1.0000042915344238,0.5425101214574899,0.6116838487972509,0.5235177865612648,0.24966304004192352,0.24966304004192352,0.0384678469013106,0.03846785751914206
ULTRACEMCO,fold_0,247,1.0000028610229492,0.5222672064777328,0.25316455696202533,0.5224262295081967,0.24990101158618927,0.24990104138851166,0.016407819894643932,0.016407819894643932
UPL,fold_0,247,0.9999889731407166,0.4898785425101215,0.0,0.4805194805194805,0.25107547640800476,0.25107547640800476,0.0335753858089447,0.03357565402984619
WIPRO,fold_0,247,1.0000053644180298,0.46558704453441296,0.6353591160220995,0.4281949934123847,0.2538188099861145,0.2538187801837921,0.06194809079170227,0.06194797158241272
ADANIENT,fold_1,245,0.9975319504737854,0.4816326530612245,0.650137741046832,0.5210196183104231,0.25331562757492065,0.25332877039909363,0.06180524826049805,0.06191205978393555
APOLLOHOSP,fold_1,245,1.0023562908172607,0.49795918367346936,0.6648501362397821,0.4717779554844729,0.250839501619339,0.25083619356155396,0.026135265827178955,0.02607870101928711
ASIANPAINT,fold_1,245,1.0000171661376953,0.4326530612244898,0.24043715846994534,0.4730128893662728,0.25370100140571594,0.2537009119987488,0.0908208830016,0.09082049070572366
AXISBANK,fold_1,245,1.0021079778671265,0.46938775510204084,0.0,0.4993311036789298,0.2526445984840393,0.25263723731040955,0.05981001257896423,0.05974879860877991
BAJAJ-AUTO,fold_1,245,1.0000134706497192,0.46938775510204084,0.0,0.4944481605351171,0.25177276134490967,0.2517727315425873,0.05131596326828003,0.05131566524505615
BAJAJFINSV,fold_1,245,1.0020390748977661,0.49795918367346936,0.6648501362397821,0.4979341596694655,0.25063416361808777,0.25063180923461914,0.02515774965286255,0.02511078119277954
BAJFINANCE,fold_1,245,0.9999982118606567,0.5183673469387755,0.5815602836879432,0.5190844788469239,0.24992124736309052,0.24992124736309052,0.02229998452322824,0.02229998452322824
BHARTIARTL,fold_1,245,1.3207728862762451,0.49795918367346936,0.0,0.5091963214714115,0.25228452682495117,0.25134384632110596,0.04796704649925232,0.0368553102016449
BPCL,fold_1,245,1.0000193119049072,0.5428571428571428,0.6387096774193548,0.5199785465272191,0.24956941604614258,0.24956941604614258,0.03490718493656236,0.03490736375049669
BRITANNIA,fold_1,245,0.9999937415122986,0.5306122448979592,0.4549763033175355,0.5389366272824919,0.24983306229114532,0.24983306229114532,0.04423878776783846,0.04423882839631061
CIPLA,fold_1,245,0.9999769330024719,0.5061224489795918,0.0,0.48233804318848306,0.25046560168266296,0.25046560168266296,0.020291179418563843,0.020291775465011597
COALINDIA,fold_1,245,1.000084638595581,0.4897959183673469,0.0,0.4772666666666667,0.25044792890548706,0.2504478991031647,0.022136926651000977,0.022135943174362183
DIVISLAB,fold_1,245,1.0000169277191162,0.5061224489795918,0.6720867208672087,0.46680885097307384,0.25044432282447815,0.25044429302215576,0.014632165431976318,0.014631867408752441
DRREDDY,fold_1,245,1.0000207424163818,0.5510204081632653,0.7105263157894737,0.5397306397306397,0.2487989366054535,0.24879895150661469,0.04005545377731323,0.040055692195892334
EICHERMOT,fold_1,245,1.0001782178878784,0.46938775510204084,0.0,0.5354515050167223,0.2541922926902771,0.25419124960899353,0.0737338662147522,0.07372626662254333
GRASIM,fold_1,245,1.0000048875808716,0.4448979591836735,0.0,0.5017876416621694,0.2505083978176117,0.2505083978176117,0.05949923396110535,0.05949920415878296
HCLTECH,fold_1,245,1.3406877517700195,0.5346938775510204,0.6968085106382979,0.5483460559796437,0.24843324720859528,0.24851933121681213,0.005507349967956543,0.004678308963775635
HDFCBANK,fold_1,245,1.0000255107879639,0.47346938775510206,0.0,0.4419941192194601,0.251298725605011,0.2512986660003662,0.04156774282455444,0.04156738519668579
HEROMOTOCO,fold_1,245,0.9999721050262451,0.5020408163265306,0.39,0.514030612244898,0.25073930621147156,0.25073930621147156,0.049527868202754434,0.04952809518697311
HINDALCO,fold_1,245,0.9999966621398926,0.4816326530612245,0.0,0.4643000133457894,0.25084730982780457,0.25084730982780457,0.03289222717285156,0.03289228677749634
HINDUNILVR,fold_1,245,1.0004782676696777,0.5183673469387755,0.6013513513513513,0.5531120884979341,0.24868406355381012,0.24868392944335938,0.023204458368067837,0.02319442581157295
ICICIBANK,fold_1,245,0.9999969005584717,0.45714285714285713,0.0,0.5129564983888293,0.25044313073158264,0.25044313073158264,0.04789489507675171,0.04789489507675171
INDIGO,fold_1,245,0.9999678134918213,0.46530612244897956,0.3350253807106599,0.4919786096256684,0.2521316409111023,0.25213176012039185,0.09391707911783335,0.09391738516943796
INDUSINDBK,fold_1,245,0.9999921321868896,0.5102040816326531,0.664804469273743,0.5354330708661418,0.24919253587722778,0.24919253587722778,0.01014284746987479,0.010142735072544642
INFY,fold_1,245,1.294344425201416,0.49387755102040815,0.6612021857923497,0.5137296720874434,0.2516460120677948,0.2510395050048828,0.042276471853256226,0.03407534956932068
ITC,fold_1,245,1.4503709077835083,0.4489795918367347,0.0,0.5488215488215489,0.2577211558818817,0.2547268867492676,0.10397583246231079,0.08760666847229004
JSWSTEEL,fold_1,245,1.0000078678131104,0.5142857142857142,0.47577092511013214,0.4799679487179487,0.25012192130088806,0.25012192130088806,0.02361547800959373,0.02361547800959373
KOTAKBANK,fold_1,245,1.0000295639038086,0.5142857142857142,0.6792452830188679,0.5160730959050287,0.2497815489768982,0.2497815489768982,0.00018155574798583984,0.0001811385154724121
LT,fold_1,245,1.000097632408142,0.43673469387755104,0.0,0.5274955979953948,0.25470027327537537,0.2546996772289276,0.09380733966827393,0.09380438923835754
MARUTI,fold_1,245,1.0000110864639282,0.46530612244897956,0.0,0.5475425204231954,0.2519323229789734,0.251932293176651,0.059591829776763916,0.05959156155586243
MM,fold_1,245,1.0000110864639282,0.4448979591836735,0.0,0.5237452779276849,0.2510600686073303,0.25106003880500793,0.06501844525337219,0.06501832604408264
NESTLEIND,fold_1,245,0.9999967813491821,0.4816326530612245,0.4816326530612245,0.4950547981823042,0.2509351372718811,0.2509351670742035,0.03666931463747608,0.03666934602114619
NTPC,fold_1,245,1.0030957460403442,0.44081632653061226,0.0,0.45674506623411737,0.2600637972354889,0.2600235939025879,0.11435377597808838,0.11418494582176208
ONGC,fold_1,245,1.0000156164169312,0.45714285714285713,0.14193548387096774,0.47334854994629433,0.25089699029922485,0.25089699029922485,0.04916057963760532,0.049160525385214364
POWERGRID,fold_1,245,1.0000027418136597,0.4122448979591837,0.0,0.4764163916391639,0.25906455516815186,0.2590644955635071,0.12925195693969727,0.12925183773040771
RELIANCE,fold_1,245,0.9999836683273315,0.5183673469387755,0.6827956989247311,0.5035032697184038,0.24970151484012604,0.24970152974128723,0.0018775463104248047,0.001877903938293457
SBILIFE,fold_1,245,1.0,0.5183673469387755,0.6827956989247311,0.4895902842653143,0.2498227059841156,0.2498227059841156,0.005779266357421875,0.005779266357421875
SBIN,fold_1,245,1.000004529953003,0.46938775510204084,0.5454545454545454,0.4570391286809197,0.25002825260162354,0.25002825260162354,0.04564656128688735,0.04564656128688735
SHRIRAMFIN,fold_1,245,0.9999967217445374,0.5020408163265306,0.0,0.5281220844995336,0.251419335603714,0.251419335603714,0.042095690965652466,0.042095839977264404
SUNPHARMA,fold_1,245,0.9999915957450867,0.4857142857142857,0.0,0.47092170201413897,0.25227516889572144,0.25227516889572144,0.047486305236816406,0.047486573457717896
TATACONSUM,fold_1,245,1.0000172853469849,0.49387755102040815,0.5947712418300654,0.45889496863739493,0.251607209444046,0.25160717964172363,0.02684187889099121,0.026841498394401708
TATASTEEL,fold_1,245,1.0000343322753906,0.47346938775510206,0.5441696113074205,0.4379268782643632,0.2506268322467804,0.250626802444458,0.03432250241844021,0.0343222722715261
TCS,fold_1,245,1.3313026428222656,0.5061224489795918,0.6720867208672087,0.5763796320981072,0.2500063478946686,0.24975384771823883,0.029802918434143066,0.0208854079246521
TECHM,fold_1,245,1.4460413455963135,0.49795918367346936,0.6648501362397821,0.4790083966413434,0.25068914890289307,0.2503649592399597,0.024846196174621582,0.017817556858062744
TITAN,fold_1,245,1.0000497102737427,0.5387755102040817,0.7002652519893899,0.4739541432019308,0.2488676756620407,0.2488677203655243,0.015462517738342285,0.015463709831237793
TRENT,fold_1,245,1.0000009536743164,0.563265306122449,0.720626631853786,0.49139916023296765,0.24734851717948914,0.24734851717948914,0.025348901748657227,0.025348961353302002
ULTRACEMCO,fold_1,245,0.9994218945503235,0.43673469387755104,0.0,0.5092103480969795,0.2515173554420471,0.2515183091163635,0.07430964708328247,0.07431599497795105
UPL,fold_1,245,0.9999866485595703,0.46938775510204084,0.6388888888888888,0.5328428093645485,0.250080943107605,0.250080943107605,0.03495991230010986,0.03495997190475464
WIPRO,fold_1,245,1.0032460689544678,0.46938775510204084,0.6388888888888888,0.45772575250836117,0.25163841247558594,0.2516322135925293,0.046526432037353516,0.046474993228912354
