experiment_id,timestamp,git_commit,dataset_variant,dataset_hash,universe_id,config_hash,search_fold,ticker_subset,feature_set,rsi_method,lookback,scaler,hidden_size,layers,dropout,max_epochs,best_epoch,patience,weight_decay,class_weighting,calibration_method,seed,train_loss,validation_loss,validation_accuracy,validation_f1,validation_brier,validation_ece,test_evaluated,epochs_run,notes
EXP-20260929T065046-e6c8c8,2026-09-29T06:50:46.209309+00:00,3f1a010fe970c76a03444203c9e32fdf072aacd4,unadjusted,2a02ac5ec408e9ead45729ef07ff8bc3b34b51f6b0d857f05020e14f69833a5c,PAPER_FIXED_NIFTY50_2025_11_04_CANDIDATE,670814937add55fa6dc9fcc2bca6c57b7b9f9ae16641fbac1cd08c3517d657d2,SEARCH_FOLD_C,RELIANCE,F1,R1_wilder,30,standard,64,2,0.0,1000,1,1000,0.0,none,none,42,0.00810996349900961,,0.5506072874493927,,0.24833882497465853,,false,,STAGE_0 tiny_overfit: best_train_acc=1.0000 best_train_loss=0.0081 passed=True
EXP-20260929T065046-e751b2,2026-09-29T06:50:46.211097+00:00,3f1a010fe970c76a03444203c9e32fdf072aacd4,unadjusted,2a02ac5ec408e9ead45729ef07ff8bc3b34b51f6b0d857f05020e14f69833a5c,PAPER_FIXED_NIFTY50_2025_11_04_CANDIDATE,670814937add55fa6dc9fcc2bca6c57b7b9f9ae16641fbac1cd08c3517d657d2,SEARCH_FOLD_C,RELIANCE,F1,R1_wilder,30,standard,64,2,0.0,1000,1,1000,0.0,none,none,42,0.6893963813781738,,0.5506072874493927,,0.247250247983514,,false,,STAGE_0 shuffled_label_control: val_acc=0.5506 majority=0.5506 passed=True
EXP-20260929T065950-c04b90,2026-09-29T06:59:50.122870+00:00,3f1a010fe970c76a03444203c9e32fdf072aacd4,unadjusted,2a02ac5ec408e9ead45729ef07ff8bc3b34b51f6b0d857f05020e14f69833a5c,PAPER_FIXED_NIFTY50_2025_11_04_CANDIDATE,670814937add55fa6dc9fcc2bca6c57b7b9f9ae16641fbac1cd08c3517d657d2,SEARCH_FOLD_C,RELIANCE,F1,R1_wilder,30,standard,64,2,0.0,1000,1,1000,0.0,none,none,42,0.00810996349900961,,0.5506072874493927,,0.24833882497465853,,false,,STAGE_0 tiny_overfit: best_train_acc=1.0000 best_train_loss=0.0081 passed=True
EXP-20260929T065950-c2c0c7,2026-09-29T06:59:50.125029+00:00,3f1a010fe970c76a03444203c9e32fdf072aacd4,unadjusted,2a02ac5ec408e9ead45729ef07ff8bc3b34b51f6b0d857f05020e14f69833a5c,PAPER_FIXED_NIFTY50_2025_11_04_CANDIDATE,670814937add55fa6dc9fcc2bca6c57b7b9f9ae16641fbac1cd08c3517d657d2,SEARCH_FOLD_C,RELIANCE,F1,R1_wilder,30,standard,64,2,0.0,1000,1,1000,0.0,none,none,42,0.6893963813781738,,0.5506072874493927,,0.247250247983514,,false,,STAGE_0 shuffled_label_control: val_acc=0.5506 majority=0.5506 passed=True
EXP-20260929T070015-73409c,2026-09-29T07:00:15.443155+00:00,3f1a010fe970c76a03444203c9e32fdf072aacd4,unadjusted,2a02ac5ec408e9ead45729ef07ff8bc3b34b51f6b0d857f05020e14f69833a5c,PAPER_FIXED_NIFTY50_2025_11_04_CANDIDATE,670814937add55fa6dc9fcc2bca6c57b7b9f9ae16641fbac1cd08c3517d657d2,SEARCH_FOLD_C,RELIANCE,F1,R1_wilder,30,standard,64,2,0.0,1000,1,1000,0.0,none,none,42,0.6919430494308472,,0.4777327935222672,,0.2500023571082094,,false,,STAGE_0 real_label_reference: val_acc=0.4777 best_epoch=1
EXP-20260929T085104-557916,2026-09-29T08:51:04.161482+00:00,42bc3cc74592b31c07cc97466761f9c48b61b541,unadjusted,2a02ac5ec408e9ead45729ef07ff8bc3b34b51f6b0d857f05020e14f69833a5c,PAPER_FIXED_NIFTY50_2025_11_04_CANDIDATE,50b96d16f9a28770213ff5ce6262e2bd84eee4311e8149519c89b1eec43287c7,SEARCH_FOLD_C,RELIANCE,F1,R1_wilder,30,standard,64,2,0.0,1000,1,1000,0.0,none,none,42,0.005640346556901932,,0.5506072874493927,,0.2483028732546257,,false,1000,STAGE_0 tiny_overfit: requested_epochs=1000 patience=1000 best_epoch=1 epochs_run=1000 best_train_acc=1.0000 best_train_loss=0.0056 passed=True
EXP-20260929T085104-3d8feb,2026-09-29T08:51:04.163586+00:00,42bc3cc74592b31c07cc97466761f9c48b61b541,unadjusted,2a02ac5ec408e9ead45729ef07ff8bc3b34b51f6b0d857f05020e14f69833a5c,PAPER_FIXED_NIFTY50_2025_11_04_CANDIDATE,50b96d16f9a28770213ff5ce6262e2bd84eee4311e8149519c89b1eec43287c7,SEARCH_FOLD_C,RELIANCE,F1,R1_wilder,30,standard,64,2,0.0,30,2,10,0.0,none,none,42,0.689316987991333,,0.5506072874493927,,0.24718840583553434,,false,12,STAGE_0 shuffled_label_control: requested_epochs=30 patience=10 best_epoch=2 epochs_run=12 val_acc=0.5506 majority=0.5506 passed=True
EXP-20260929T085104-8e93ab,2026-09-29T08:51:04.165170+00:00,42bc3cc74592b31c07cc97466761f9c48b61b541,unadjusted,2a02ac5ec408e9ead45729ef07ff8bc3b34b51f6b0d857f05020e14f69833a5c,PAPER_FIXED_NIFTY50_2025_11_04_CANDIDATE,50b96d16f9a28770213ff5ce6262e2bd84eee4311e8149519c89b1eec43287c7,SEARCH_FOLD_C,RELIANCE,F1,R1_wilder,30,standard,64,2,0.0,100,1,10,0.0,none,none,42,0.6919544339179993,,0.47368421052631576,,0.2500439645835398,,false,11,STAGE_0 real_label_reference: requested_epochs=100 patience=10 best_epoch=1 epochs_run=11 val_acc=0.4737 majority=0.5506
EXP-20260929T090415-2d2f5b,2026-09-29T09:04:15.979436+00:00,42bc3cc74592b31c07cc97466761f9c48b61b541,unadjusted,2a02ac5ec408e9ead45729ef07ff8bc3b34b51f6b0d857f05020e14f69833a5c,PAPER_FIXED_NIFTY50_2025_11_04_CANDIDATE,83fedd532ab2e6cd086c03b59166e2e76037da536651a96c1969c1531ce93f18,SEARCH_FOLD_A,"RELIANCE,TCS,INFY,HDFCBANK,ITC,LT,SUNPHARMA,TATASTEEL",F1,R1_wilder,30,standard,64,2,0.2,3,2,10,0.0001,none,none,42,,,0.5056818181818182,0.4420183273936319,0.2505496609927141,0.024429107746802084,false,,EXP-20260929T090412-19df4d stage=A p@3up=0.5055096418732782 p@3down=0.5110192837465565 volume_mode=raw
EXP-20260929T090425-b70f6e,2026-09-29T09:04:25.993619+00:00,42bc3cc74592b31c07cc97466761f9c48b61b541,unadjusted,2a02ac5ec408e9ead45729ef07ff8bc3b34b51f6b0d857f05020e14f69833a5c,PAPER_FIXED_NIFTY50_2025_11_04_CANDIDATE,374f000337fce615ddc7ffc4fc22a3808664d09f72ea4b8f00d6cbd68d26134d,SEARCH_FOLD_A,"RELIANCE,TCS,INFY,HDFCBANK,ITC,LT,SUNPHARMA,TATASTEEL",F1,R1_wilder,30,standard,64,2,0.2,100,24,10,0.0001,none,none,42,,,0.5072314049586777,0.4800657312993629,0.24907671660647357,0.022096997096149373,false,,EXP-20260929T090417-d8e1cf stage=A p@3up=0.522038567493113 p@3down=0.5247933884297521 volume_mode=raw
EXP-20260929T090435-4d0166,2026-09-29T09:04:35.236124+00:00,42bc3cc74592b31c07cc97466761f9c48b61b541,unadjusted,2a02ac5ec408e9ead45729ef07ff8bc3b34b51f6b0d857f05020e14f69833a5c,PAPER_FIXED_NIFTY50_2025_11_04_CANDIDATE,055d550596b7c1b48629e02a8a4a8ae938886cd105fad060d2cb67c3bb196a94,SEARCH_FOLD_A,"RELIANCE,TCS,INFY,HDFCBANK,ITC,LT,SUNPHARMA,TATASTEEL",F2,R1_wilder,30,standard,64,2,0.2,100,17,10,0.0001,none,none,42,,,0.5196280991735538,0.5069096587270382,0.24919126425592042,0.03533311412969896,false,,EXP-20260929T090428-8f54c4 stage=A p@3up=0.5055096418732782 p@3down=0.5330578512396694 volume_mode=raw
EXP-20260929T090440-0462de,2026-09-29T09:04:40.857563+00:00,42bc3cc74592b31c07cc97466761f9c48b61b541,unadjusted,2a02ac5ec408e9ead45729ef07ff8bc3b34b51f6b0d857f05020e14f69833a5c,PAPER_FIXED_NIFTY50_2025_11_04_CANDIDATE,0b78afef3587a17f9e495f4ec03a88dc16a4f25d909fb126b09e1a2fc880f241,SEARCH_FOLD_B,"RELIANCE,TCS,INFY,HDFCBANK,ITC,LT,SUNPHARMA,TATASTEEL",F1,R1_wilder,30,standard,64,2,0.2,3,2,10,0.0001,none,none,42,,,0.516,0.5648524746532642,0.24909264978141754,0.020499234855175026,false,,EXP-20260929T090437-d738a7 stage=A p@3up=0.5413333333333333 p@3down=0.48533333333333334 volume_mode=raw
EXP-20260929T090450-866af9,2026-09-29T09:04:50.493774+00:00,42bc3cc74592b31c07cc97466761f9c48b61b541,unadjusted,2a02ac5ec408e9ead45729ef07ff8bc3b34b51f6b0d857f05020e14f69833a5c,PAPER_FIXED_NIFTY50_2025_11_04_CANDIDATE,5d46311e29d8866bcd9611bb9e138694469db2e972803065e4d4379ef91f6136,SEARCH_FOLD_B,"RELIANCE,TCS,INFY,HDFCBANK,ITC,LT,SUNPHARMA,TATASTEEL",F1,R1_wilder,30,standard,64,2,0.2,100,19,10,0.0001,none,none,42,,,0.53,0.5860812070058756,0.24809351008816,0.023379715889692308,false,,EXP-20260929T090442-6364fa stage=A p@3up=0.5413333333333333 p@3down=0.5 volume_mode=raw
EXP-20260929T090503-23eda4,2026-09-29T09:05:03.809388+00:00,42bc3cc74592b31c07cc97466761f9c48b61b541,unadjusted,2a02ac5ec408e9ead45729ef07ff8bc3b34b51f6b0d857f05020e14f69833a5c,PAPER_FIXED_NIFTY50_2025_11_04_CANDIDATE,4ef5b5304834449df84dc1cd6bf7a4cb8f6f973a441fb67870645453ee9404a5,SEARCH_FOLD_B,"RELIANCE,TCS,INFY,HDFCBANK,ITC,LT,SUNPHARMA,TATASTEEL",F2,R1_wilder,30,standard,64,2,0.2,100,37,10,0.0001,none,none,42,,,0.537,0.5579560159022436,0.24854771796519323,0.026130499020218828,false,,EXP-20260929T090452-2f462c stage=A p@3up=0.544 p@3down=0.512 volume_mode=raw
EXP-20260929T090509-0ade1a,2026-09-29T09:05:09.033711+00:00,42bc3cc74592b31c07cc97466761f9c48b61b541,unadjusted,2a02ac5ec408e9ead45729ef07ff8bc3b34b51f6b0d857f05020e14f69833a5c,PAPER_FIXED_NIFTY50_2025_11_04_CANDIDATE,ec3ffa702a8d81ddcf07fe6fee9468768e4154faf9ab1e775f2e4fc7762d442b,SEARCH_FOLD_C,"RELIANCE,TCS,INFY,HDFCBANK,ITC,LT,SUNPHARMA,TATASTEEL",F1,R1_wilder,30,standard,64,2,0.2,3,2,10,0.0001,none,none,42,,,0.5050607287449393,0.34778510591056805,0.25042879629506476,0.04133388567489653,false,,EXP-20260929T090505-e41296 stage=A p@3up=0.5330634278002699 p@3down=0.4939271255060729 volume_mode=raw
EXP-20260929T090518-12528c,2026-09-29T09:05:18.555707+00:00,42bc3cc74592b31c07cc97466761f9c48b61b541,unadjusted,2a02ac5ec408e9ead45729ef07ff8bc3b34b51f6b0d857f05020e14f69833a5c,PAPER_FIXED_NIFTY50_2025_11_04_CANDIDATE,1df44f460dea6c02f4f29cf64bf6a3b4bb4a0f5c4ffd29e47e22247c23807387,SEARCH_FOLD_C,"RELIANCE,TCS,INFY,HDFCBANK,ITC,LT,SUNPHARMA,TATASTEEL",F1,R1_wilder,30,standard,64,2,0.2,100,12,10,0.0001,none,none,42,,,0.5227732793522267,0.4340106836349145,0.24883634651528394,0.021747431985521117,false,,EXP-20260929T090511-42ed11 stage=A p@3up=0.5425101214574899 p@3down=0.5087719298245614 volume_mode=raw
EXP-20260929T090528-8be3e8,2026-09-29T09:05:28.360099+00:00,42bc3cc74592b31c07cc97466761f9c48b61b541,unadjusted,2a02ac5ec408e9ead45729ef07ff8bc3b34b51f6b0d857f05020e14f69833a5c,PAPER_FIXED_NIFTY50_2025_11_04_CANDIDATE,269a1be58d630abb0b50b7e5fe6cb54746ffe168066638bcbfeab40da836f5e1,SEARCH_FOLD_C,"RELIANCE,TCS,INFY,HDFCBANK,ITC,LT,SUNPHARMA,TATASTEEL",F2,R1_wilder,30,standard,64,2,0.2,100,8,10,0.0001,none,none,42,,,0.5298582995951417,0.5565895248270528,0.248721644310664,0.019280752612028995,false,,EXP-20260929T090520-05e25e stage=A p@3up=0.543859649122807 p@3down=0.4979757085020243 volume_mode=raw
EXP-20260929T124831-3cfd61,2026-09-29T12:48:31.134269+00:00,bb0d02ca368b28cb90f47ede6f963ca0bb9490f0,unadjusted,2a02ac5ec408e9ead45729ef07ff8bc3b34b51f6b0d857f05020e14f69833a5c,PAPER_FIXED_NIFTY50_2025_11_04_CANDIDATE,5300b6e9e46b03f32228baf872a8cb7913ab03fccafe7d918c57602d3937d6fe,SEARCH_FOLD_A,"RELIANCE,TCS,INFY,HDFCBANK,ITC,LT,SUNPHARMA,TATASTEEL",F1,R1_wilder,30,standard,64,2,0.2,10,8,10,0.0001,none,none,42,,,0.5025826446280992,0.4734849685123323,0.24974000587871975,0.02067866555053339,false,,EXP-20260929T124817-0b7db5 stage=A p@3up=0.5206611570247934 p@3down=0.5165289256198347 volume_mode=raw
EXP-20260929T124848-ec9ace,2026-09-29T12:48:48.046030+00:00,bb0d02ca368b28cb90f47ede6f963ca0bb9490f0,unadjusted,2a02ac5ec408e9ead45729ef07ff8bc3b34b51f6b0d857f05020e14f69833a5c,PAPER_FIXED_NIFTY50_2025_11_04_CANDIDATE,94032fdcef68f1404d75e710268ba844ab7761e47e0384a2c0e1f55ba2eda732,SEARCH_FOLD_A,"RELIANCE,TCS,INFY,HDFCBANK,ITC,LT,SUNPHARMA,TATASTEEL",F2,R1_wilder,30,standard,64,2,0.2,10,8,10,0.0001,none,none,42,,,0.5196280991735538,0.5069096587270382,0.24943731501803626,0.033253604315282875,false,,EXP-20260929T124835-afdab8 stage=A p@3up=0.5179063360881543 p@3down=0.5275482093663911 volume_mode=raw
EXP-20260929T124908-f83615,2026-09-29T12:49:08.020060+00:00,bb0d02ca368b28cb90f47ede6f963ca0bb9490f0,unadjusted,2a02ac5ec408e9ead45729ef07ff8bc3b34b51f6b0d857f05020e14f69833a5c,PAPER_FIXED_NIFTY50_2025_11_04_CANDIDATE,d200c4cb34f8d0352491fc224cde35d4e740fd7d06a6ea3982f62de80daddd16,SEARCH_FOLD_B,"RELIANCE,TCS,INFY,HDFCBANK,ITC,LT,SUNPHARMA,TATASTEEL",F1,R1_wilder,30,standard,64,2,0.2,10,9,10,0.0001,none,none,42,,,0.525,0.5880153348164353,0.24854958475201228,0.02244536702334881,false,,EXP-20260929T124852-c537df stage=A p@3up=0.5453333333333333 p@3down=0.5 volume_mode=raw
EXP-20260929T124927-bd0417,2026-09-29T12:49:27.231419+00:00,bb0d02ca368b28cb90f47ede6f963ca0bb9490f0,unadjusted,2a02ac5ec408e9ead45729ef07ff8bc3b34b51f6b0d857f05020e14f69833a5c,PAPER_FIXED_NIFTY50_2025_11_04_CANDIDATE,c0090cbcf9c938e677c1a2c8844b1d46212365c915fc5422e62685dde67b2a8b,SEARCH_FOLD_B,"RELIANCE,TCS,INFY,HDFCBANK,ITC,LT,SUNPHARMA,TATASTEEL",F2,R1_wilder,30,standard,64,2,0.2,10,9,10,0.0001,none,none,42,,,0.5255000000000001,0.5773318336502617,0.24898740938235298,0.029378392338752723,false,,EXP-20260929T124912-0f61e4 stage=A p@3up=0.5386666666666666 p@3down=0.48533333333333334 volume_mode=raw
EXP-20260929T124948-49e611,2026-09-29T12:49:48.735211+00:00,bb0d02ca368b28cb90f47ede6f963ca0bb9490f0,unadjusted,2a02ac5ec408e9ead45729ef07ff8bc3b34b51f6b0d857f05020e14f69833a5c,PAPER_FIXED_NIFTY50_2025_11_04_CANDIDATE,125ffcf043d91f4b2be4c976903a0f25703d915fb89415771c5a352a3b7ce5c1,SEARCH_FOLD_C,"RELIANCE,TCS,INFY,HDFCBANK,ITC,LT,SUNPHARMA,TATASTEEL",F1,R1_wilder,30,standard,64,2,0.2,10,9,10,0.0001,none,none,42,,,0.5227732793522267,0.426611053955106,0.24890097635146477,0.024733566185120133,false,,EXP-20260929T124931-07d5a6 stage=A p@3up=0.543859649122807 p@3down=0.5060728744939271 volume_mode=raw
EXP-20260929T125009-71ef86,2026-09-29T12:50:09.629880+00:00,bb0d02ca368b28cb90f47ede6f963ca0bb9490f0,unadjusted,2a02ac5ec408e9ead45729ef07ff8bc3b34b51f6b0d857f05020e14f69833a5c,PAPER_FIXED_NIFTY50_2025_11_04_CANDIDATE,2d9f414d17d19e90fd171662b2b9ec80a8ecde51926da9d902153aaf1ce254ef,SEARCH_FOLD_C,"RELIANCE,TCS,INFY,HDFCBANK,ITC,LT,SUNPHARMA,TATASTEEL",F2,R1_wilder,30,standard,64,2,0.2,10,8,10,0.0001,none,none,42,,,0.5298582995951417,0.5565895248270528,0.248721644310664,0.019280752612028995,false,,EXP-20260929T124952-a740b9 stage=A p@3up=0.543859649122807 p@3down=0.4979757085020243 volume_mode=raw
