ticker,fold,variant,accuracy,f1,brier,ece,majority_accuracy,roc_auc,n,positive_rate,best_epoch,precision_at_3_up,precision_at_3_down
RELIANCE,SEARCH_FOLD_A,adjusted,0.4834710743801653,0.6518105849582173,0.2519489656992505,0.04370668358054047,0.5165289256198347,0.4553162393162393,242,0.4834710743801653,0,0.5206611570247934,0.5330578512396694
TCS,SEARCH_FOLD_A,adjusted,0.5867768595041323,0.5901639344262295,0.24644501882602277,0.06350814569587548,0.512396694214876,0.5916484417714598,242,0.512396694214876,8,0.5206611570247934,0.5330578512396694
INFY,SEARCH_FOLD_A,adjusted,0.5289256198347108,0.6918918918918919,0.24948470782824675,0.011244925585660037,0.5289256198347108,0.47361567982456143,242,0.5289256198347108,1,0.5206611570247934,0.5330578512396694
HDFCBANK,SEARCH_FOLD_A,adjusted,0.5165289256198347,0.6060606060606061,0.24970995909750485,0.009717300903698638,0.5165289256198347,0.5022222222222222,242,0.5165289256198347,4,0.5206611570247934,0.5330578512396694
ITC,SEARCH_FOLD_A,adjusted,0.5206611570247934,0.12121212121212122,0.24972748985276533,0.005128762076708928,0.5165289256198347,0.5139145299145299,242,0.4834710743801653,1,0.5206611570247934,0.5330578512396694
LT,SEARCH_FOLD_A,adjusted,0.5206611570247934,0.4368932038834951,0.2486612811597678,0.0286038714992113,0.5371900826446281,0.5333791208791209,242,0.4628099173553719,6,0.5206611570247934,0.5330578512396694
SUNPHARMA,SEARCH_FOLD_A,adjusted,0.5206611570247934,0.3763440860215054,0.24864210616820678,0.024858316483576455,0.5,0.5562461580493137,242,0.5,6,0.5206611570247934,0.5330578512396694
TATASTEEL,SEARCH_FOLD_A,adjusted,0.47520661157024796,0.6442577030812325,0.25055849236040667,0.03635589125727817,0.524793388429752,0.5137281752824375,242,0.47520661157024796,0,0.5206611570247934,0.5330578512396694
RELIANCE,SEARCH_FOLD_B,adjusted,0.548,0.48868778280542985,0.2483659351310675,0.04105921673774719,0.516,0.5505797937087578,250,0.516,8,0.536,0.492
TCS,SEARCH_FOLD_B,adjusted,0.56,0.708994708994709,0.2483360326524974,0.033758865356445365,0.544,0.5138028895768835,250,0.544,2,0.536,0.492
INFY,SEARCH_FOLD_B,adjusted,0.54,0.7012987012987013,0.24686877374531435,0.005203627824783378,0.54,0.5643800322061192,250,0.54,2,0.536,0.492
HDFCBANK,SEARCH_FOLD_B,adjusted,0.532,0.6945169712793734,0.24842040506848617,0.0027570681571961186,0.532,0.5230383651436282,250,0.532,2,0.536,0.492
ITC,SEARCH_FOLD_B,adjusted,0.472,0.639344262295082,0.2506840882853342,0.045908099770545975,0.532,0.5463016515648095,250,0.468,1,0.536,0.492
LT,SEARCH_FOLD_B,adjusted,0.544,0.6013986013986014,0.24971413405052595,0.036649562716484056,0.516,0.5450701518354795,250,0.516,0,0.536,0.492
SUNPHARMA,SEARCH_FOLD_B,adjusted,0.5,0.2331288343558282,0.2506641382882282,0.03092397499084472,0.52,0.4822435897435898,250,0.52,0,0.536,0.492
TATASTEEL,SEARCH_FOLD_B,adjusted,0.524,0.502092050209205,0.24827796264780724,0.053478981733322196,0.548,0.5600413409986434,250,0.548,9,0.536,0.492
RELIANCE,SEARCH_FOLD_C,adjusted,0.5506072874493927,0.7101827676240209,0.24918183127368532,0.04115323619803912,0.5506072874493927,0.47264175940646524,247,0.5506072874493927,0,0.5479082321187584,0.5006747638326585
TCS,SEARCH_FOLD_C,adjusted,0.5465587044534413,0.7068062827225131,0.2461757134668426,0.0017865797286090723,0.5465587044534413,0.5753968253968254,247,0.5465587044534413,3,0.5479082321187584,0.5006747638326585
INFY,SEARCH_FOLD_C,adjusted,0.5303643724696356,0.6741573033707865,0.24478591031411207,0.034492100057331596,0.562753036437247,0.5411670663469225,247,0.562753036437247,9,0.5479082321187584,0.5006747638326585
HDFCBANK,SEARCH_FOLD_C,adjusted,0.46963562753036436,0.6330532212885154,0.251369398008118,0.04609007306909759,0.5182186234817814,0.46684611344537813,247,0.4817813765182186,2,0.5479082321187584,0.5006747638326585
ITC,SEARCH_FOLD_C,adjusted,0.5344129554655871,0.0,0.24896314122870478,0.0006339956632992472,0.534412955465587,0.5005928853754941,247,0.46558704453441296,1,0.5479082321187584,0.5006747638326585
LT,SEARCH_FOLD_C,adjusted,0.5060728744939271,0.32967032967032966,0.25040511993043024,0.036922162119676215,0.5101214574898786,0.5200708382526564,247,0.5101214574898786,8,0.5479082321187584,0.5006747638326585
SUNPHARMA,SEARCH_FOLD_C,adjusted,0.5384615384615384,0.7,0.2495606506936649,0.02634517794195934,0.5384615384615384,0.4629336499142594,247,0.5384615384615384,3,0.5479082321187584,0.5006747638326585
TATASTEEL,SEARCH_FOLD_C,adjusted,0.5344129554655871,0.6647230320699709,0.2477152402265922,0.014246469808493492,0.5425101214574899,0.5317659490159821,247,0.5425101214574899,6,0.5479082321187584,0.5006747638326585
