fold,ticker,model,accuracy,f1,brier,best_epoch
SEARCH_FOLD_A,RELIANCE,Majority,0.4834710743801653,0.6518105849582172,0.5165289256198347,
SEARCH_FOLD_A,RELIANCE,LogisticRegression,0.5041322314049587,0.6385542168674699,0.2605931179390658,
SEARCH_FOLD_A,RELIANCE,RandomForest,0.5537190082644629,0.2894736842105263,0.2649165674708349,
SEARCH_FOLD_A,RELIANCE,PlainLSTM,0.4834710743801653,0.6518105849582172,0.2510077799407704,0.0
SEARCH_FOLD_A,RELIANCE,AttentionLSTM_T10F2,0.4834710743801653,0.6518105849582172,0.25195050409811504,
SEARCH_FOLD_A,TCS,Majority,0.5082644628099173,0.673972602739726,0.49173553719008267,
SEARCH_FOLD_A,TCS,LogisticRegression,0.5702479338842975,0.4851485148514851,0.2460061128771055,
SEARCH_FOLD_A,TCS,RandomForest,0.5206611570247934,0.18309859154929575,0.2566825814263244,
SEARCH_FOLD_A,TCS,PlainLSTM,0.6033057851239669,0.6190476190476191,0.24349202884649382,9.0
SEARCH_FOLD_A,TCS,AttentionLSTM_T10F2,0.5826446280991735,0.5738396624472574,0.24676302784552231,
SEARCH_FOLD_A,INFY,Majority,0.5289256198347108,0.6918918918918919,0.47107438016528924,
SEARCH_FOLD_A,INFY,LogisticRegression,0.4628099173553719,0.3229166666666667,0.2603784482883511,
SEARCH_FOLD_A,INFY,RandomForest,0.5247933884297521,0.31137724550898205,0.253261149834062,
SEARCH_FOLD_A,INFY,PlainLSTM,0.5413223140495868,0.6763848396501457,0.24897766382867376,8.0
SEARCH_FOLD_A,INFY,AttentionLSTM_T10F2,0.5289256198347108,0.6918918918918919,0.24883111386866788,
SEARCH_FOLD_A,HDFCBANK,Majority,0.512396694214876,0.6775956284153004,0.48760330578512395,
SEARCH_FOLD_A,HDFCBANK,LogisticRegression,0.4793388429752066,0.31521739130434784,0.27006509672009293,
SEARCH_FOLD_A,HDFCBANK,RandomForest,0.5165289256198347,0.49350649350649345,0.2533266685215543,
SEARCH_FOLD_A,HDFCBANK,PlainLSTM,0.5206611570247934,0.6209150326797386,0.25039436613581967,1.0
SEARCH_FOLD_A,HDFCBANK,AttentionLSTM_T10F2,0.4793388429752066,0.5116279069767442,0.2499584771388394,
SEARCH_FOLD_A,ITC,Majority,0.5165289256198347,0.0,0.4834710743801653,
SEARCH_FOLD_A,ITC,LogisticRegression,0.5082644628099173,0.5910652920962199,0.2551388001640647,
SEARCH_FOLD_A,ITC,RandomForest,0.5867768595041323,0.45652173913043476,0.24822722629757346,
SEARCH_FOLD_A,ITC,PlainLSTM,0.5289256198347108,0.1230769230769231,0.24969155733488982,1.0
SEARCH_FOLD_A,ITC,AttentionLSTM_T10F2,0.5206611570247934,0.3012048192771084,0.24968048270444543,
SEARCH_FOLD_A,LT,Majority,0.5371900826446281,0.0,0.4628099173553719,
SEARCH_FOLD_A,LT,LogisticRegression,0.512396694214876,0.1917808219178082,0.2478108349243446,
SEARCH_FOLD_A,LT,RandomForest,0.5578512396694215,0.28187919463087246,0.2506970322424822,
SEARCH_FOLD_A,LT,PlainLSTM,0.5413223140495868,0.3798882681564246,0.24746884349571788,8.0
SEARCH_FOLD_A,LT,AttentionLSTM_T10F2,0.5537190082644629,0.3414634146341463,0.24848742879466637,
SEARCH_FOLD_A,SUNPHARMA,Majority,0.5,0.0,0.5,
SEARCH_FOLD_A,SUNPHARMA,LogisticRegression,0.5041322314049587,0.0625,0.2539773788693875,
SEARCH_FOLD_A,SUNPHARMA,RandomForest,0.5,0.6230529595015577,0.2497791975481385,
SEARCH_FOLD_A,SUNPHARMA,PlainLSTM,0.4793388429752066,0.125,0.25136384710073034,2.0
SEARCH_FOLD_A,SUNPHARMA,AttentionLSTM_T10F2,0.5330578512396694,0.33918128654970764,0.24913897180268507,
SEARCH_FOLD_A,TATASTEEL,Majority,0.47520661157024796,0.6442577030812325,0.5247933884297521,
SEARCH_FOLD_A,TATASTEEL,LogisticRegression,0.512396694214876,0.5661764705882354,0.2605760332986562,
SEARCH_FOLD_A,TATASTEEL,RandomForest,0.49586776859504134,0.5234375,0.2627454151389594,
SEARCH_FOLD_A,TATASTEEL,PlainLSTM,0.5165289256198347,0.38095238095238093,0.24986617539954858,0.0
SEARCH_FOLD_A,TATASTEEL,AttentionLSTM_T10F2,0.47520661157024796,0.6442577030812325,0.2506885138913486,
SEARCH_FOLD_B,RELIANCE,Majority,0.516,0.6807387862796834,0.484,
SEARCH_FOLD_B,RELIANCE,LogisticRegression,0.52,0.38144329896907214,0.2691368058829288,
SEARCH_FOLD_B,RELIANCE,RandomForest,0.452,0.25136612021857924,0.302675730245739,
SEARCH_FOLD_B,RELIANCE,PlainLSTM,0.5,0.4979919678714859,0.2503237770533711,0.0
SEARCH_FOLD_B,RELIANCE,AttentionLSTM_T10F2,0.536,0.5166666666666666,0.24883982196421925,
SEARCH_FOLD_B,TCS,Majority,0.54,0.7012987012987013,0.46,
SEARCH_FOLD_B,TCS,LogisticRegression,0.468,0.27322404371584696,0.28983010854174224,
SEARCH_FOLD_B,TCS,RandomForest,0.472,0.30526315789473685,0.26472587122622704,
SEARCH_FOLD_B,TCS,PlainLSTM,0.464,0.3796296296296296,0.2505660473660074,0.0
SEARCH_FOLD_B,TCS,AttentionLSTM_T10F2,0.544,0.6935483870967742,0.24866791609912123,
SEARCH_FOLD_B,INFY,Majority,0.536,0.6979166666666667,0.464,
SEARCH_FOLD_B,INFY,LogisticRegression,0.54,0.6439628482972136,0.25644647667233367,
SEARCH_FOLD_B,INFY,RandomForest,0.492,0.3864734299516908,0.27239257924614285,
SEARCH_FOLD_B,INFY,PlainLSTM,0.552,0.6871508379888268,0.24737425959743553,2.0
SEARCH_FOLD_B,INFY,AttentionLSTM_T10F2,0.548,0.6986666666666667,0.24693908045956972,
SEARCH_FOLD_B,HDFCBANK,Majority,0.532,0.6945169712793734,0.468,
SEARCH_FOLD_B,HDFCBANK,LogisticRegression,0.532,0.6188925081433225,0.2519852650294454,
SEARCH_FOLD_B,HDFCBANK,RandomForest,0.456,0.4380165289256198,0.2598881655892611,
SEARCH_FOLD_B,HDFCBANK,PlainLSTM,0.528,0.6242038216560509,0.2498123914740504,0.0
SEARCH_FOLD_B,HDFCBANK,AttentionLSTM_T10F2,0.532,0.6945169712793734,0.24852507331862725,
SEARCH_FOLD_B,ITC,Majority,0.536,0.0,0.464,
SEARCH_FOLD_B,ITC,LogisticRegression,0.5,0.6200607902735562,0.2774421864228616,
SEARCH_FOLD_B,ITC,RandomForest,0.516,0.5217391304347826,0.2591801428853,
SEARCH_FOLD_B,ITC,PlainLSTM,0.488,0.6024844720496895,0.25017558508632126,1.0
SEARCH_FOLD_B,ITC,AttentionLSTM_T10F2,0.464,0.6338797814207651,0.25098399401208277,
SEARCH_FOLD_B,LT,Majority,0.488,0.0,0.512,
SEARCH_FOLD_B,LT,LogisticRegression,0.484,0.0851063829787234,0.33234424697633524,
SEARCH_FOLD_B,LT,RandomForest,0.488,0.3786407766990291,0.26039922270819155,
SEARCH_FOLD_B,LT,PlainLSTM,0.496,0.05970149253731343,0.2503082974100561,0.0
SEARCH_FOLD_B,LT,AttentionLSTM_T10F2,0.528,0.6013513513513514,0.2494831402946942,
SEARCH_FOLD_B,SUNPHARMA,Majority,0.484,0.0,0.516,
SEARCH_FOLD_B,SUNPHARMA,LogisticRegression,0.496,0.18181818181818182,0.2704905304448485,
SEARCH_FOLD_B,SUNPHARMA,RandomForest,0.484,0.2711864406779661,0.2535913469880381,
SEARCH_FOLD_B,SUNPHARMA,PlainLSTM,0.472,0.0704225352112676,0.2519907604731636,0.0
SEARCH_FOLD_B,SUNPHARMA,AttentionLSTM_T10F2,0.508,0.2360248447204969,0.25050290662702307,
SEARCH_FOLD_B,TATASTEEL,Majority,0.548,0.7080103359173127,0.452,
SEARCH_FOLD_B,TATASTEEL,LogisticRegression,0.46,0.33497536945812806,0.25930402684338205,
SEARCH_FOLD_B,TATASTEEL,RandomForest,0.496,0.5771812080536913,0.25417633261495687,
SEARCH_FOLD_B,TATASTEEL,PlainLSTM,0.552,0.6083916083916083,0.24624324895183536,9.0
SEARCH_FOLD_B,TATASTEEL,AttentionLSTM_T10F2,0.544,0.5439999999999999,0.24795734228348623,
SEARCH_FOLD_C,RELIANCE,Majority,0.5506072874493927,0.7101827676240209,0.4493927125506073,
SEARCH_FOLD_C,RELIANCE,LogisticRegression,0.4574898785425101,0.3163265306122449,0.257652916895997,
SEARCH_FOLD_C,RELIANCE,RandomForest,0.47368421052631576,0.2261904761904762,0.2690525347438237,
SEARCH_FOLD_C,RELIANCE,PlainLSTM,0.5303643724696356,0.6627906976744187,0.24944618900704674,1.0
SEARCH_FOLD_C,RELIANCE,AttentionLSTM_T10F2,0.5506072874493927,0.7101827676240209,0.24915787177299287,
SEARCH_FOLD_C,TCS,Majority,0.5465587044534413,0.7068062827225131,0.4534412955465587,
SEARCH_FOLD_C,TCS,LogisticRegression,0.4939271255060729,0.5819397993311036,0.25419471404987776,
SEARCH_FOLD_C,TCS,RandomForest,0.44534412955465585,0.26737967914438504,0.2630540579776875,
SEARCH_FOLD_C,TCS,PlainLSTM,0.5465587044534413,0.7037037037037036,0.24862852362173973,1.0
SEARCH_FOLD_C,TCS,AttentionLSTM_T10F2,0.5465587044534413,0.7068062827225131,0.24649014703178002,
SEARCH_FOLD_C,INFY,Majority,0.5546558704453441,0.7135416666666666,0.44534412955465585,
SEARCH_FOLD_C,INFY,LogisticRegression,0.5384615384615384,0.6705202312138727,0.25185935811162563,
SEARCH_FOLD_C,INFY,RandomForest,0.5182186234817814,0.5966101694915253,0.250004195910756,
SEARCH_FOLD_C,INFY,PlainLSTM,0.5546558704453441,0.7135416666666666,0.24699537344774228,4.0
SEARCH_FOLD_C,INFY,AttentionLSTM_T10F2,0.5546558704453441,0.7135416666666666,0.24626744383424595,
SEARCH_FOLD_C,HDFCBANK,Majority,0.4777327935222672,0.6465753424657534,0.5222672064777328,
SEARCH_FOLD_C,HDFCBANK,LogisticRegression,0.5384615384615384,0.4672897196261682,0.2505504904959069,
SEARCH_FOLD_C,HDFCBANK,RandomForest,0.5587044534412956,0.6254295532646048,0.24983640714332772,
SEARCH_FOLD_C,HDFCBANK,PlainLSTM,0.4939271255060729,0.617737003058104,0.2506794751344613,2.0
SEARCH_FOLD_C,HDFCBANK,AttentionLSTM_T10F2,0.4898785425101215,0.6379310344827587,0.25136842323723085,
SEARCH_FOLD_C,ITC,Majority,0.5384615384615384,0.0,0.46153846153846156,
SEARCH_FOLD_C,ITC,LogisticRegression,0.562753036437247,0.35714285714285715,0.2494271347968558,
SEARCH_FOLD_C,ITC,RandomForest,0.5748987854251012,0.3636363636363636,0.24915939422380137,
SEARCH_FOLD_C,ITC,PlainLSTM,0.5587044534412956,0.16793893129770993,0.24708445874422866,4.0
SEARCH_FOLD_C,ITC,AttentionLSTM_T10F2,0.5384615384615384,0.0,0.24855213018991823,
SEARCH_FOLD_C,LT,Majority,0.4939271255060729,0.0,0.5060728744939271,
SEARCH_FOLD_C,LT,LogisticRegression,0.5141700404858299,0.19999999999999998,0.2534287638546732,
SEARCH_FOLD_C,LT,RandomForest,0.5020242914979757,0.04651162790697675,0.2693802014522532,
SEARCH_FOLD_C,LT,PlainLSTM,0.4898785425101215,0.136986301369863,0.25051216084210914,2.0
SEARCH_FOLD_C,LT,AttentionLSTM_T10F2,0.5222672064777328,0.358695652173913,0.2500989591128744,
SEARCH_FOLD_C,SUNPHARMA,Majority,0.46558704453441296,0.0,0.5344129554655871,
SEARCH_FOLD_C,SUNPHARMA,LogisticRegression,0.5546558704453441,0.5564516129032258,0.2481348516691835,
SEARCH_FOLD_C,SUNPHARMA,RandomForest,0.5101214574898786,0.22929936305732485,0.2515456832579579,
SEARCH_FOLD_C,SUNPHARMA,PlainLSTM,0.5344129554655871,0.6607669616519174,0.24891789773808706,8.0
SEARCH_FOLD_C,SUNPHARMA,AttentionLSTM_T10F2,0.5101214574898786,0.6666666666666667,0.24976131364950896,
SEARCH_FOLD_C,TATASTEEL,Majority,0.5425101214574899,0.7034120734908137,0.4574898785425101,
SEARCH_FOLD_C,TATASTEEL,LogisticRegression,0.5344129554655871,0.6204620462046204,0.27137727307529175,
SEARCH_FOLD_C,TATASTEEL,RandomForest,0.4939271255060729,0.17218543046357618,0.2696648253516182,
SEARCH_FOLD_C,TATASTEEL,PlainLSTM,0.5303643724696356,0.5703703703703703,0.24942582018013432,1.0
SEARCH_FOLD_C,TATASTEEL,AttentionLSTM_T10F2,0.5263157894736842,0.6588921282798833,0.2480768656567607,
