ticker,fold,sample_index,sequence_final_date,target_date,close_at_sequence_final,close_at_target,expected_label,actual_label,label_matches,target_is_next_trading_day,sequence_contains_target_row,sequence_excludes_target,ok
RELIANCE,SEARCH_FOLD_A,0,2016-01-01,2016-01-04,232.0919342041016,227.5088348388672,0,0,True,True,False,True,True
RELIANCE,SEARCH_FOLD_A,1,2016-01-12,2016-01-13,238.9722900390625,246.14979553222656,1,1,True,True,False,True,True
RELIANCE,SEARCH_FOLD_A,2,2016-01-21,2016-01-22,224.9715576171875,229.53179931640625,1,1,True,True,False,True,True
RELIANCE,SEARCH_FOLD_A,3,2016-02-03,2016-02-04,224.3315277099609,222.42286682128903,0,0,True,True,False,True,True
RELIANCE,SEARCH_FOLD_A,4,2016-02-12,2016-02-15,207.2220764160156,216.4111175537109,1,1,True,True,False,True,True
RELIANCE,SEARCH_FOLD_A,5,2016-02-24,2016-02-25,217.759765625,215.8053741455078,0,0,True,True,False,True,True
RELIANCE,SEARCH_FOLD_A,6,2016-03-04,2016-03-08,230.04611206054688,234.7549285888672,1,1,True,True,False,True,True
RELIANCE,SEARCH_FOLD_A,7,2016-03-17,2016-03-18,232.24050903320312,234.80064392089844,1,1,True,True,False,True,True
RELIANCE,SEARCH_FOLD_A,8,2016-03-30,2016-03-31,239.3380126953125,238.9151306152344,0,0,True,True,False,True,True
RELIANCE,SEARCH_FOLD_A,9,2016-04-11,2016-04-12,237.79507446289065,239.4180145263672,1,1,True,True,False,True,True
RELIANCE,SEARCH_FOLD_A,10,2016-04-25,2016-04-26,232.44622802734372,232.4576568603516,1,1,True,True,False,True,True
RELIANCE,SEARCH_FOLD_A,11,2016-05-05,2016-05-06,222.92575073242188,221.4856719970703,0,0,True,True,False,True,True
RELIANCE,SEARCH_FOLD_A,12,2016-05-16,2016-05-17,223.08575439453125,221.5313873291016,0,0,True,True,False,True,True
RELIANCE,SEARCH_FOLD_A,13,2016-05-25,2016-05-26,217.4283142089844,216.43397521972656,0,0,True,True,False,True,True
RELIANCE,SEARCH_FOLD_A,14,2016-06-06,2016-06-07,218.251220703125,218.3083648681641,1,1,True,True,False,True,True
RELIANCE,SEARCH_FOLD_A,15,2016-06-15,2016-06-16,225.06300354003903,223.16575622558597,0,0,True,True,False,True,True
RELIANCE,SEARCH_FOLD_A,16,2016-06-27,2016-06-28,218.4455108642578,218.9369659423828,1,1,True,True,False,True,True
RELIANCE,SEARCH_FOLD_A,17,2016-07-07,2016-07-08,225.81732177734372,223.64578247070312,0,0,True,True,False,True,True
RELIANCE,SEARCH_FOLD_A,18,2016-07-19,2016-07-20,232.65196228027344,233.8405914306641,1,1,True,True,False,True,True
RELIANCE,SEARCH_FOLD_A,19,2016-07-28,2016-07-29,234.60633850097656,231.98907470703125,0,0,True,True,False,True,True
RELIANCE,SEARCH_FOLD_A,20,2016-08-09,2016-08-10,235.6006774902344,229.41751098632807,0,0,True,True,False,True,True
RELIANCE,SEARCH_FOLD_A,21,2016-08-19,2016-08-22,231.98907470703125,231.29188537597656,0,0,True,True,False,True,True
RELIANCE,SEARCH_FOLD_A,22,2016-08-31,2016-09-01,242.2981719970703,235.2578125,0,0,True,True,False,True,True
RELIANCE,SEARCH_FOLD_A,23,2016-09-12,2016-09-14,239.21229553222656,238.8122711181641,0,0,True,True,False,True,True
RELIANCE,SEARCH_FOLD_A,24,2016-09-22,2016-09-23,248.9156494140625,252.0815277099609,1,1,True,True,False,True,True
RELIANCE,SEARCH_FOLD_A,25,2016-10-04,2016-10-05,250.60716247558597,249.0185089111328,0,0,True,True,False,True,True
RELIANCE,SEARCH_FOLD_A,26,2016-10-17,2016-10-18,242.44674682617188,247.12127685546875,1,1,True,True,False,True,True
RELIANCE,SEARCH_FOLD_A,27,2016-10-27,2016-10-28,239.71517944335935,241.14382934570312,1,1,True,True,False,True,True
RELIANCE,SEARCH_FOLD_A,28,2016-11-08,2016-11-09,229.3832244873047,229.63465881347656,1,1,True,True,False,True,True
RELIANCE,SEARCH_FOLD_A,29,2016-11-21,2016-11-22,226.6402282714844,228.9146270751953,1,1,True,True,False,True,True
RELIANCE,SEARCH_FOLD_A,30,2016-11-30,2016-12-01,226.30877685546875,228.06886291503903,1,1,True,True,False,True,True
RELIANCE,SEARCH_FOLD_A,31,2016-12-12,2016-12-13,234.80064392089844,237.6807861328125,1,1,True,True,False,True,True
RELIANCE,SEARCH_FOLD_A,32,2016-12-21,2016-12-22,243.0410614013672,240.7780914306641,0,0,True,True,False,True,True
RELIANCE,SEARCH_FOLD_A,33,2017-01-02,2017-01-03,248.03561401367188,249.0185089111328,1,1,True,True,False,True,True
RELIANCE,SEARCH_FOLD_A,34,2017-01-11,2017-01-12,248.2527618408203,247.6241607666016,0,0,True,True,False,True,True
RELIANCE,SEARCH_FOLD_A,35,2017-01-20,2017-01-23,234.48062133789065,232.2176513671875,0,0,True,True,False,True,True
RELIANCE,SEARCH_FOLD_A,36,2017-02-02,2017-02-03,238.52655029296875,236.27500915527344,0,0,True,True,False,True,True
RELIANCE,SEARCH_FOLD_A,37,2017-02-13,2017-02-14,235.4063873291016,239.96661376953125,1,1,True,True,False,True,True
RELIANCE,SEARCH_FOLD_A,38,2017-02-23,2017-02-27,270.35675048828125,283.19171142578125,1,1,True,True,False,True,True
RELIANCE,SEARCH_FOLD_A,39,2017-03-07,2017-03-08,298.28961181640625,295.1466064453125,0,0,True,True,False,True,True
RELIANCE,SEARCH_FOLD_A,40,2017-03-20,2017-03-21,292.76934814453125,288.8834228515625,0,0,True,True,False,True,True
RELIANCE,SEARCH_FOLD_A,41,2017-03-29,2017-03-30,287.2490539550781,290.44921875,1,1,True,True,False,True,True
RELIANCE,SEARCH_FOLD_A,42,2017-04-11,2017-04-12,313.6961364746094,309.5016174316406,0,0,True,True,False,True,True
RELIANCE,SEARCH_FOLD_A,43,2017-04-21,2017-04-24,320.5879211425781,323.9938049316406,1,1,True,True,False,True,True
RELIANCE,SEARCH_FOLD_A,44,2017-05-04,2017-05-05,310.404541015625,303.6156005859375,0,0,True,True,False,True,True
RELIANCE,SEARCH_FOLD_A,45,2017-05-15,2017-05-16,307.2386474609375,310.0273742675781,1,1,True,True,False,True,True
RELIANCE,SEARCH_FOLD_A,46,2017-05-24,2017-05-25,296.63238525390625,297.7181701660156,1,1,True,True,False,True,True
RELIANCE,SEARCH_FOLD_A,47,2017-06-05,2017-06-06,303.8670349121094,300.083984375,0,0,True,True,False,True,True
RELIANCE,SEARCH_FOLD_A,48,2017-06-14,2017-06-15,310.3016662597656,316.3476867675781,1,1,True,True,False,True,True
RELIANCE,SEARCH_FOLD_A,49,2017-06-27,2017-06-28,328.50830078125,319.673583984375,0,0,True,True,False,True,True
RELIANCE,SEARCH_FOLD_A,50,2017-07-06,2017-07-07,329.74267578125,340.851806640625,1,1,True,True,False,True,True
RELIANCE,SEARCH_FOLD_A,51,2017-07-18,2017-07-19,347.423583984375,350.4065856933594,1,1,True,True,False,True,True
RELIANCE,SEARCH_FOLD_A,52,2017-07-27,2017-07-28,364.5444641113281,364.4644470214844,0,0,True,True,False,True,True
RELIANCE,SEARCH_FOLD_A,53,2017-08-08,2017-08-09,366.3159790039063,365.4587707519531,0,0,True,True,False,True,True
RELIANCE,SEARCH_FOLD_A,54,2017-08-18,2017-08-21,360.10992431640625,357.59552001953125,0,0,True,True,False,True,True
RELIANCE,SEARCH_FOLD_A,55,2017-08-31,2017-09-01,364.4758911132813,368.0417785644531,1,1,True,True,False,True,True
RELIANCE,SEARCH_FOLD_A,56,2017-09-11,2017-09-12,373.9163513183594,376.5907897949219,1,1,True,True,False,True,True
RELIANCE,SEARCH_FOLD_A,57,2017-09-20,2017-09-21,387.2884826660156,384.6369018554688,0,0,True,True,False,True,True
RELIANCE,SEARCH_FOLD_A,58,2017-10-03,2017-10-04,364.978759765625,374.3506774902344,1,1,True,True,False,True,True
RELIANCE,SEARCH_FOLD_A,59,2017-10-12,2017-10-13,398.991943359375,400.6834411621094,1,1,True,True,False,True,True
RELIANCE,SEARCH_FOLD_A,60,2017-10-25,2017-10-26,429.690673828125,433.1194152832031,1,1,True,True,False,True,True
RELIANCE,SEARCH_FOLD_A,61,2017-11-03,2017-11-06,432.1593627929688,426.3076171875,0,0,True,True,False,True,True
RELIANCE,SEARCH_FOLD_A,62,2017-11-15,2017-11-16,403.9979248046875,413.2098083496094,1,1,True,True,False,True,True
RELIANCE,SEARCH_FOLD_A,63,2017-11-24,2017-11-27,434.8109130859375,434.9252014160156,1,1,True,True,False,True,True
RELIANCE,SEARCH_FOLD_A,64,2017-12-06,2017-12-07,423.6332092285156,425.8733215332031,1,1,True,True,False,True,True
RELIANCE,SEARCH_FOLD_A,65,2017-12-15,2017-12-18,420.478759765625,421.0502014160156,1,1,True,True,False,True,True
RELIANCE,SEARCH_FOLD_A,66,2017-12-28,2017-12-29,422.5131530761719,421.0730590820313,0,0,True,True,False,True,True
RELIANCE,SEARCH_FOLD_A,67,2018-01-08,2018-01-09,424.5018310546875,430.1706848144531,1,1,True,True,False,True,True
RELIANCE,SEARCH_FOLD_A,68,2018-01-17,2018-01-18,422.6502990722656,420.4559020996094,0,0,True,True,False,True,True
RELIANCE,SEARCH_FOLD_A,69,2018-01-30,2018-01-31,434.4909057617188,439.4740295410156,1,1,True,True,False,True,True
RELIANCE,SEARCH_FOLD_A,70,2018-02-08,2018-02-09,413.5298156738281,410.4668273925781,0,0,True,True,False,True,True
RELIANCE,SEARCH_FOLD_A,71,2018-02-21,2018-02-22,424.8675537109375,422.5817260742188,0,0,True,True,False,True,True
RELIANCE,SEARCH_FOLD_A,72,2018-03-05,2018-03-06,422.4674377441406,416.4099731445313,0,0,True,True,False,True,True
RELIANCE,SEARCH_FOLD_A,73,2018-03-15,2018-03-16,416.8442687988281,411.47259521484375,0,0,True,True,False,True,True
RELIANCE,SEARCH_FOLD_A,74,2018-03-26,2018-03-27,411.9526062011719,411.3582763671875,0,0,True,True,False,True,True
RELIANCE,SEARCH_FOLD_A,75,2018-04-09,2018-04-10,418.7643737792969,419.2444152832031,1,1,True,True,False,True,True
RELIANCE,SEARCH_FOLD_A,76,2018-04-18,2018-04-19,428.8220520019531,430.7878723144531,1,1,True,True,False,True,True
RELIANCE,SEARCH_FOLD_A,77,2018-04-30,2018-05-02,440.3883666992188,444.6857299804688,1,1,True,True,False,True,True
RELIANCE,SEARCH_FOLD_A,78,2018-05-10,2018-05-11,448.54876708984375,452.2518310546875,1,1,True,True,False,True,True
RELIANCE,SEARCH_FOLD_A,79,2018-05-21,2018-05-22,425.7818908691406,423.6789245605469,0,0,True,True,False,True,True
RELIANCE,SEARCH_FOLD_A,80,2018-05-31,2018-06-01,421.2102355957031,425.4161682128906,1,1,True,True,False,True,True
RELIANCE,SEARCH_FOLD_A,81,2018-06-11,2018-06-12,449.2345275878906,455.8634338378906,1,1,True,True,False,True,True
RELIANCE,SEARCH_FOLD_A,82,2018-06-21,2018-06-22,471.7728271484375,462.8809509277344,0,0,True,True,False,True,True
RELIANCE,SEARCH_FOLD_A,83,2018-07-02,2018-07-03,439.1539916992188,444.0456848144531,1,1,True,True,False,True,True
RELIANCE,SEARCH_FOLD_A,84,2018-07-12,2018-07-13,494.8139953613281,502.7915649414063,1,1,True,True,False,True,True
RELIANCE,SEARCH_FOLD_A,85,2018-07-23,2018-07-24,512.1634521484375,507.8889770507813,0,0,True,True,False,True,True
RELIANCE,SEARCH_FOLD_A,86,2018-08-02,2018-08-03,534.1303100585938,538.0619506835938,1,1,True,True,False,True,True
RELIANCE,SEARCH_FOLD_A,87,2018-08-13,2018-08-14,542.9765014648438,553.4456176757812,1,1,True,True,False,True,True
RELIANCE,SEARCH_FOLD_A,88,2018-08-27,2018-08-28,590.4303588867188,603.00244140625,1,1,True,True,False,True,True
RELIANCE,SEARCH_FOLD_A,89,2018-09-05,2018-09-06,560.943115234375,576.6696166992188,1,1,True,True,False,True,True
RELIANCE,SEARCH_FOLD_A,90,2018-09-17,2018-09-18,560.4402465820312,556.4400024414062,0,0,True,True,False,True,True
RELIANCE,SEARCH_FOLD_A,91,2018-09-28,2018-10-01,575.0924072265625,563.091796875,0,0,True,True,False,True,True
RELIANCE,SEARCH_FOLD_A,92,2018-10-10,2018-10-11,503.8430480957031,497.3055725097656,0,0,True,True,False,True,True
RELIANCE,SEARCH_FOLD_A,93,2018-10-23,2018-10-24,482.1733703613281,478.0817260742188,0,0,True,True,False,True,True
RELIANCE,SEARCH_FOLD_A,94,2018-11-01,2018-11-02,482.8819580078125,491.4081115722656,1,1,True,True,False,True,True
RELIANCE,SEARCH_FOLD_A,95,2018-11-14,2018-11-15,501.94580078125,501.4429321289063,0,0,True,True,False,True,True
RELIANCE,SEARCH_FOLD_A,96,2018-11-26,2018-11-27,507.3403625488281,515.7750854492188,1,1,True,True,False,True,True
RELIANCE,SEARCH_FOLD_A,97,2018-12-06,2018-12-07,513.6950073242188,518.335205078125,1,1,True,True,False,True,True
RELIANCE,SEARCH_FOLD_A,98,2018-12-17,2018-12-18,516.55224609375,519.5238647460938,1,1,True,True,False,True,True
RELIANCE,SEARCH_FOLD_A,99,2018-12-28,2018-12-31,514.5635986328125,512.5977783203125,0,0,True,True,False,True,True
TCS,SEARCH_FOLD_A,0,2016-01-01,2016-01-04,1208.199951171875,1184.800048828125,0,0,True,True,False,True,True
TCS,SEARCH_FOLD_A,1,2016-01-12,2016-01-13,1163.5250244140625,1139.5999755859375,0,0,True,True,False,True,True
TCS,SEARCH_FOLD_A,2,2016-01-21,2016-01-22,1127.25,1147.875,1,1,True,True,False,True,True
TCS,SEARCH_FOLD_A,3,2016-02-03,2016-02-04,1208.1500244140625,1210.0250244140625,1,1,True,True,False,True,True
TCS,SEARCH_FOLD_A,4,2016-02-12,2016-02-15,1113.300048828125,1134.574951171875,1,1,True,True,False,True,True
TCS,SEARCH_FOLD_A,5,2016-02-24,2016-02-25,1105.4749755859375,1106.425048828125,1,1,True,True,False,True,True
TCS,SEARCH_FOLD_A,6,2016-03-04,2016-03-08,1178.7750244140625,1177.1500244140625,0,0,True,True,False,True,True
TCS,SEARCH_FOLD_A,7,2016-03-17,2016-03-18,1176.0250244140625,1212.925048828125,1,1,True,True,False,True,True
TCS,SEARCH_FOLD_A,8,2016-03-30,2016-03-31,1244.75,1260.1500244140625,1,1,True,True,False,True,True
TCS,SEARCH_FOLD_A,9,2016-04-11,2016-04-12,1253.324951171875,1259.074951171875,1,1,True,True,False,True,True
TCS,SEARCH_FOLD_A,10,2016-04-25,2016-04-26,1225.625,1244.9000244140625,1,1,True,True,False,True,True
TCS,SEARCH_FOLD_A,11,2016-05-05,2016-05-06,1235.1500244140625,1236.699951171875,1,1,True,True,False,True,True
TCS,SEARCH_FOLD_A,12,2016-05-16,2016-05-17,1275.574951171875,1285.0999755859375,1,1,True,True,False,True,True
TCS,SEARCH_FOLD_A,13,2016-05-25,2016-05-26,1263.2249755859375,1274.3499755859375,1,1,True,True,False,True,True
TCS,SEARCH_FOLD_A,14,2016-06-06,2016-06-07,1306.25,1315.574951171875,1,1,True,True,False,True,True
TCS,SEARCH_FOLD_A,15,2016-06-15,2016-06-16,1278.425048828125,1279.1500244140625,1,1,True,True,False,True,True
TCS,SEARCH_FOLD_A,16,2016-06-27,2016-06-28,1247.925048828125,1231.9749755859375,0,0,True,True,False,True,True
TCS,SEARCH_FOLD_A,17,2016-07-07,2016-07-08,1214.9000244140625,1213.300048828125,0,0,True,True,False,True,True
TCS,SEARCH_FOLD_A,18,2016-07-19,2016-07-20,1233.0999755859375,1247.4749755859375,1,1,True,True,False,True,True
TCS,SEARCH_FOLD_A,19,2016-07-28,2016-07-29,1309.625,1309.6500244140625,1,1,True,True,False,True,True
TCS,SEARCH_FOLD_A,20,2016-08-09,2016-08-10,1325.0999755859375,1337.699951171875,1,1,True,True,False,True,True
TCS,SEARCH_FOLD_A,21,2016-08-19,2016-08-22,1301.75,1274.3499755859375,0,0,True,True,False,True,True
TCS,SEARCH_FOLD_A,22,2016-08-31,2016-09-01,1255.6500244140625,1253.75,0,0,True,True,False,True,True
TCS,SEARCH_FOLD_A,23,2016-09-12,2016-09-14,1179.5250244140625,1164.2249755859375,0,0,True,True,False,True,True
TCS,SEARCH_FOLD_A,24,2016-09-22,2016-09-23,1189.0,1199.050048828125,1,1,True,True,False,True,True
TCS,SEARCH_FOLD_A,25,2016-10-04,2016-10-05,1202.574951171875,1193.175048828125,0,0,True,True,False,True,True
TCS,SEARCH_FOLD_A,26,2016-10-17,2016-10-18,1181.2249755859375,1200.0999755859375,1,1,True,True,False,True,True
TCS,SEARCH_FOLD_A,27,2016-10-27,2016-10-28,1209.050048828125,1199.3499755859375,0,0,True,True,False,True,True
TCS,SEARCH_FOLD_A,28,2016-11-08,2016-11-09,1141.5999755859375,1084.925048828125,0,0,True,True,False,True,True
TCS,SEARCH_FOLD_A,29,2016-11-21,2016-11-22,1066.449951171875,1067.5,1,1,True,True,False,True,True
TCS,SEARCH_FOLD_A,30,2016-11-30,2016-12-01,1138.0250244140625,1131.7249755859375,0,0,True,True,False,True,True
TCS,SEARCH_FOLD_A,31,2016-12-12,2016-12-13,1104.0999755859375,1100.1500244140625,0,0,True,True,False,True,True
TCS,SEARCH_FOLD_A,32,2016-12-21,2016-12-22,1156.800048828125,1153.8499755859375,0,0,True,True,False,True,True
TCS,SEARCH_FOLD_A,33,2017-01-02,2017-01-03,1180.675048828125,1184.125,1,1,True,True,False,True,True
TCS,SEARCH_FOLD_A,34,2017-01-11,2017-01-12,1162.199951171875,1172.175048828125,1,1,True,True,False,True,True
TCS,SEARCH_FOLD_A,35,2017-01-20,2017-01-23,1142.675048828125,1153.3499755859375,1,1,True,True,False,True,True
TCS,SEARCH_FOLD_A,36,2017-02-02,2017-02-03,1103.824951171875,1116.2750244140625,1,1,True,True,False,True,True
TCS,SEARCH_FOLD_A,37,2017-02-13,2017-02-14,1207.125,1203.125,0,0,True,True,False,True,True
TCS,SEARCH_FOLD_A,38,2017-02-23,2017-02-27,1240.9000244140625,1244.925048828125,1,1,True,True,False,True,True
TCS,SEARCH_FOLD_A,39,2017-03-07,2017-03-08,1249.9000244140625,1256.0999755859375,1,1,True,True,False,True,True
TCS,SEARCH_FOLD_A,40,2017-03-20,2017-03-21,1240.0,1243.3499755859375,1,1,True,True,False,True,True
TCS,SEARCH_FOLD_A,41,2017-03-29,2017-03-30,1222.300048828125,1220.5,0,0,True,True,False,True,True
TCS,SEARCH_FOLD_A,42,2017-04-11,2017-04-12,1209.6500244140625,1196.625,0,0,True,True,False,True,True
TCS,SEARCH_FOLD_A,43,2017-04-21,2017-04-24,1155.4000244140625,1164.050048828125,1,1,True,True,False,True,True
TCS,SEARCH_FOLD_A,44,2017-05-04,2017-05-05,1165.050048828125,1160.25,0,0,True,True,False,True,True
TCS,SEARCH_FOLD_A,45,2017-05-15,2017-05-16,1182.550048828125,1214.574951171875,1,1,True,True,False,True,True
TCS,SEARCH_FOLD_A,46,2017-05-24,2017-05-25,1279.574951171875,1312.300048828125,1,1,True,True,False,True,True
TCS,SEARCH_FOLD_A,47,2017-06-05,2017-06-06,1301.9749755859375,1348.0,1,1,True,True,False,True,True
TCS,SEARCH_FOLD_A,48,2017-06-14,2017-06-15,1235.0999755859375,1205.5999755859375,0,0,True,True,False,True,True
TCS,SEARCH_FOLD_A,49,2017-06-27,2017-06-28,1171.425048828125,1175.0250244140625,1,1,True,True,False,True,True
TCS,SEARCH_FOLD_A,50,2017-07-06,2017-07-07,1173.7750244140625,1165.9749755859375,0,0,True,True,False,True,True
TCS,SEARCH_FOLD_A,51,2017-07-18,2017-07-19,1204.175048828125,1224.800048828125,1,1,True,True,False,True,True
TCS,SEARCH_FOLD_A,52,2017-07-27,2017-07-28,1240.8499755859375,1242.1500244140625,1,1,True,True,False,True,True
TCS,SEARCH_FOLD_A,53,2017-08-08,2017-08-09,1251.5250244140625,1256.0,1,1,True,True,False,True,True
TCS,SEARCH_FOLD_A,54,2017-08-18,2017-08-21,1256.9000244140625,1264.4000244140625,1,1,True,True,False,True,True
TCS,SEARCH_FOLD_A,55,2017-08-31,2017-09-01,1248.175048828125,1228.2249755859375,0,0,True,True,False,True,True
TCS,SEARCH_FOLD_A,56,2017-09-11,2017-09-12,1227.2249755859375,1244.2249755859375,1,1,True,True,False,True,True
TCS,SEARCH_FOLD_A,57,2017-09-20,2017-09-21,1246.7750244140625,1262.449951171875,1,1,True,True,False,True,True
TCS,SEARCH_FOLD_A,58,2017-10-03,2017-10-04,1224.2249755859375,1221.1500244140625,0,0,True,True,False,True,True
TCS,SEARCH_FOLD_A,59,2017-10-12,2017-10-13,1274.0999755859375,1279.300048828125,1,1,True,True,False,True,True
TCS,SEARCH_FOLD_A,60,2017-10-25,2017-10-26,1279.949951171875,1269.425048828125,0,0,True,True,False,True,True
TCS,SEARCH_FOLD_A,61,2017-11-03,2017-11-06,1310.050048828125,1332.7750244140625,1,1,True,True,False,True,True
TCS,SEARCH_FOLD_A,62,2017-11-15,2017-11-16,1352.6500244140625,1373.324951171875,1,1,True,True,False,True,True
TCS,SEARCH_FOLD_A,63,2017-11-24,2017-11-27,1344.0250244140625,1342.925048828125,0,0,True,True,False,True,True
TCS,SEARCH_FOLD_A,64,2017-12-06,2017-12-07,1316.6500244140625,1308.625,0,0,True,True,False,True,True
TCS,SEARCH_FOLD_A,65,2017-12-15,2017-12-18,1272.800048828125,1290.25,1,1,True,True,False,True,True
TCS,SEARCH_FOLD_A,66,2017-12-28,2017-12-29,1313.4749755859375,1350.5999755859375,1,1,True,True,False,True,True
TCS,SEARCH_FOLD_A,67,2018-01-08,2018-01-09,1357.199951171875,1354.5,0,0,True,True,False,True,True
TCS,SEARCH_FOLD_A,68,2018-01-17,2018-01-18,1444.4749755859375,1459.0999755859375,1,1,True,True,False,True,True
TCS,SEARCH_FOLD_A,69,2018-01-30,2018-01-31,1576.425048828125,1556.175048828125,0,0,True,True,False,True,True
TCS,SEARCH_FOLD_A,70,2018-02-08,2018-02-09,1487.0999755859375,1485.8499755859375,0,0,True,True,False,True,True
TCS,SEARCH_FOLD_A,71,2018-02-21,2018-02-22,1521.1500244140625,1525.0999755859375,1,1,True,True,False,True,True
TCS,SEARCH_FOLD_A,72,2018-03-05,2018-03-06,1552.925048828125,1521.4000244140625,0,0,True,True,False,True,True
TCS,SEARCH_FOLD_A,73,2018-03-15,2018-03-16,1434.8499755859375,1412.8499755859375,0,0,True,True,False,True,True
TCS,SEARCH_FOLD_A,74,2018-03-26,2018-03-27,1408.5,1423.8499755859375,1,1,True,True,False,True,True
TCS,SEARCH_FOLD_A,75,2018-04-09,2018-04-10,1461.949951171875,1468.800048828125,1,1,True,True,False,True,True
TCS,SEARCH_FOLD_A,76,2018-04-18,2018-04-19,1579.550048828125,1595.574951171875,1,1,True,True,False,True,True
TCS,SEARCH_FOLD_A,77,2018-04-30,2018-05-02,1766.050048828125,1749.875,0,0,True,True,False,True,True
TCS,SEARCH_FOLD_A,78,2018-05-10,2018-05-11,1725.625,1728.4749755859375,1,1,True,True,False,True,True
TCS,SEARCH_FOLD_A,79,2018-05-21,2018-05-22,1778.375,1754.449951171875,0,0,True,True,False,True,True
TCS,SEARCH_FOLD_A,80,2018-05-31,2018-06-01,1741.050048828125,1732.449951171875,0,0,True,True,False,True,True
TCS,SEARCH_FOLD_A,81,2018-06-11,2018-06-12,1749.699951171875,1781.0,1,1,True,True,False,True,True
TCS,SEARCH_FOLD_A,82,2018-06-21,2018-06-22,1819.3499755859373,1809.800048828125,0,0,True,True,False,True,True
TCS,SEARCH_FOLD_A,83,2018-07-02,2018-07-03,1851.3499755859373,1874.050048828125,1,1,True,True,False,True,True
TCS,SEARCH_FOLD_A,84,2018-07-12,2018-07-13,1971.3499755859373,1981.0999755859373,1,1,True,True,False,True,True
TCS,SEARCH_FOLD_A,85,2018-07-23,2018-07-24,2005.6500244140625,1999.0,0,0,True,True,False,True,True
TCS,SEARCH_FOLD_A,86,2018-08-02,2018-08-03,1948.4000244140625,1979.449951171875,1,1,True,True,False,True,True
TCS,SEARCH_FOLD_A,87,2018-08-13,2018-08-14,2000.1500244140625,2003.550048828125,1,1,True,True,False,True,True
TCS,SEARCH_FOLD_A,88,2018-08-27,2018-08-28,2050.89990234375,2069.199951171875,1,1,True,True,False,True,True
TCS,SEARCH_FOLD_A,89,2018-09-05,2018-09-06,2079.25,2075.300048828125,0,0,True,True,False,True,True
TCS,SEARCH_FOLD_A,90,2018-09-17,2018-09-18,2074.14990234375,2070.75,0,0,True,True,False,True,True
TCS,SEARCH_FOLD_A,91,2018-09-28,2018-10-01,2183.699951171875,2255.550048828125,1,1,True,True,False,True,True
TCS,SEARCH_FOLD_A,92,2018-10-10,2018-10-11,2043.5999755859373,1979.949951171875,0,0,True,True,False,True,True
TCS,SEARCH_FOLD_A,93,2018-10-23,2018-10-24,1843.6500244140625,1848.5,1,1,True,True,False,True,True
TCS,SEARCH_FOLD_A,94,2018-11-01,2018-11-02,1935.75,1913.449951171875,0,0,True,True,False,True,True
TCS,SEARCH_FOLD_A,95,2018-11-14,2018-11-15,1880.6500244140625,1872.8499755859373,0,0,True,True,False,True,True
TCS,SEARCH_FOLD_A,96,2018-11-26,2018-11-27,1846.0999755859373,1890.25,1,1,True,True,False,True,True
TCS,SEARCH_FOLD_A,97,2018-12-06,2018-12-07,1992.699951171875,1995.199951171875,1,1,True,True,False,True,True
TCS,SEARCH_FOLD_A,98,2018-12-17,2018-12-18,1994.300048828125,1987.8499755859373,0,0,True,True,False,True,True
TCS,SEARCH_FOLD_A,99,2018-12-28,2018-12-31,1896.050048828125,1893.050048828125,0,0,True,True,False,True,True
INFY,SEARCH_FOLD_A,0,2016-01-01,2016-01-04,552.625,539.4500122070312,0,0,True,True,False,True,True
INFY,SEARCH_FOLD_A,1,2016-01-12,2016-01-13,524.9749755859375,541.7000122070312,1,1,True,True,False,True,True
INFY,SEARCH_FOLD_A,2,2016-01-21,2016-01-22,568.5250244140625,568.125,0,0,True,True,False,True,True
INFY,SEARCH_FOLD_A,3,2016-02-03,2016-02-04,578.8499755859375,589.875,1,1,True,True,False,True,True
INFY,SEARCH_FOLD_A,4,2016-02-12,2016-02-15,542.3250122070312,545.875,1,1,True,True,False,True,True
INFY,SEARCH_FOLD_A,5,2016-02-24,2016-02-25,562.6749877929688,555.1500244140625,0,0,True,True,False,True,True
INFY,SEARCH_FOLD_A,6,2016-03-04,2016-03-08,585.3250122070312,581.7249755859375,0,0,True,True,False,True,True
INFY,SEARCH_FOLD_A,7,2016-03-17,2016-03-18,580.875,596.7000122070312,1,1,True,True,False,True,True
INFY,SEARCH_FOLD_A,8,2016-03-30,2016-03-31,602.9749755859375,609.1500244140625,1,1,True,True,False,True,True
INFY,SEARCH_FOLD_A,9,2016-04-11,2016-04-12,591.9500122070312,591.0999755859375,0,0,True,True,False,True,True
INFY,SEARCH_FOLD_A,10,2016-04-25,2016-04-26,607.9249877929688,616.0750122070312,1,1,True,True,False,True,True
INFY,SEARCH_FOLD_A,11,2016-05-05,2016-05-06,596.2249755859375,590.75,0,0,True,True,False,True,True
INFY,SEARCH_FOLD_A,12,2016-05-16,2016-05-17,607.5,607.125,0,0,True,True,False,True,True
INFY,SEARCH_FOLD_A,13,2016-05-25,2016-05-26,604.3250122070312,617.0750122070312,1,1,True,True,False,True,True
INFY,SEARCH_FOLD_A,14,2016-06-06,2016-06-07,633.375,628.7000122070312,0,0,True,True,False,True,True
INFY,SEARCH_FOLD_A,15,2016-06-15,2016-06-16,594.9749755859375,593.0,0,0,True,True,False,True,True
INFY,SEARCH_FOLD_A,16,2016-06-27,2016-06-28,583.0999755859375,579.5750122070312,0,0,True,True,False,True,True
INFY,SEARCH_FOLD_A,17,2016-07-07,2016-07-08,578.625,579.0999755859375,1,1,True,True,False,True,True
INFY,SEARCH_FOLD_A,18,2016-07-19,2016-07-20,543.4749755859375,541.5499877929688,0,0,True,True,False,True,True
INFY,SEARCH_FOLD_A,19,2016-07-28,2016-07-29,538.75,536.9249877929688,0,0,True,True,False,True,True
INFY,SEARCH_FOLD_A,20,2016-08-09,2016-08-10,541.7000122070312,541.1749877929688,0,0,True,True,False,True,True
INFY,SEARCH_FOLD_A,21,2016-08-19,2016-08-22,510.6499938964844,507.7250061035156,0,0,True,True,False,True,True
INFY,SEARCH_FOLD_A,22,2016-08-31,2016-09-01,517.9249877929688,518.7750244140625,1,1,True,True,False,True,True
INFY,SEARCH_FOLD_A,23,2016-09-12,2016-09-14,527.0,522.7999877929688,0,0,True,True,False,True,True
INFY,SEARCH_FOLD_A,24,2016-09-22,2016-09-23,529.4000244140625,521.2750244140625,0,0,True,True,False,True,True
INFY,SEARCH_FOLD_A,25,2016-10-04,2016-10-05,524.5999755859375,520.75,0,0,True,True,False,True,True
INFY,SEARCH_FOLD_A,26,2016-10-17,2016-10-18,511.2000122070313,519.5250244140625,1,1,True,True,False,True,True
INFY,SEARCH_FOLD_A,27,2016-10-27,2016-10-28,501.75,498.75,0,0,True,True,False,True,True
INFY,SEARCH_FOLD_A,28,2016-11-08,2016-11-09,491.2999877929688,479.1499938964844,0,0,True,True,False,True,True
INFY,SEARCH_FOLD_A,29,2016-11-21,2016-11-22,455.5499877929688,457.1000061035156,1,1,True,True,False,True,True
INFY,SEARCH_FOLD_A,30,2016-11-30,2016-12-01,487.7749938964844,487.7999877929688,1,1,True,True,False,True,True
INFY,SEARCH_FOLD_A,31,2016-12-12,2016-12-13,488.6749877929688,495.1000061035156,1,1,True,True,False,True,True
INFY,SEARCH_FOLD_A,32,2016-12-21,2016-12-22,500.7749938964844,492.3500061035156,0,0,True,True,False,True,True
INFY,SEARCH_FOLD_A,33,2017-01-02,2017-01-03,500.5499877929688,496.9249877929688,0,0,True,True,False,True,True
INFY,SEARCH_FOLD_A,34,2017-01-11,2017-01-12,484.5499877929688,500.0249938964844,1,1,True,True,False,True,True
INFY,SEARCH_FOLD_A,35,2017-01-20,2017-01-23,474.3500061035156,476.3500061035156,1,1,True,True,False,True,True
INFY,SEARCH_FOLD_A,36,2017-02-02,2017-02-03,467.9500122070313,468.0499877929688,1,1,True,True,False,True,True
INFY,SEARCH_FOLD_A,37,2017-02-13,2017-02-14,492.1749877929688,493.8500061035156,1,1,True,True,False,True,True
INFY,SEARCH_FOLD_A,38,2017-02-23,2017-02-27,504.4249877929688,506.2000122070313,1,1,True,True,False,True,True
INFY,SEARCH_FOLD_A,39,2017-03-07,2017-03-08,509.8999938964844,503.8999938964844,0,0,True,True,False,True,True
INFY,SEARCH_FOLD_A,40,2017-03-20,2017-03-21,510.75,516.4249877929688,1,1,True,True,False,True,True
INFY,SEARCH_FOLD_A,41,2017-03-29,2017-03-30,515.9249877929688,512.75,0,0,True,True,False,True,True
INFY,SEARCH_FOLD_A,42,2017-04-11,2017-04-12,483.5750122070313,484.4249877929688,1,1,True,True,False,True,True
INFY,SEARCH_FOLD_A,43,2017-04-21,2017-04-24,461.8500061035156,463.2749938964844,1,1,True,True,False,True,True
INFY,SEARCH_FOLD_A,44,2017-05-04,2017-05-05,468.8250122070313,465.75,0,0,True,True,False,True,True
INFY,SEARCH_FOLD_A,45,2017-05-15,2017-05-16,475.7749938964844,477.5,1,1,True,True,False,True,True
INFY,SEARCH_FOLD_A,46,2017-05-24,2017-05-25,477.3999938964844,491.6499938964844,1,1,True,True,False,True,True
INFY,SEARCH_FOLD_A,47,2017-06-05,2017-06-06,479.375,489.6749877929688,1,1,True,True,False,True,True
INFY,SEARCH_FOLD_A,48,2017-06-14,2017-06-15,479.2999877929688,476.0499877929688,0,0,True,True,False,True,True
INFY,SEARCH_FOLD_A,49,2017-06-27,2017-06-28,463.5249938964844,462.3500061035156,0,0,True,True,False,True,True
INFY,SEARCH_FOLD_A,50,2017-07-06,2017-07-07,473.5,467.7000122070313,0,0,True,True,False,True,True
INFY,SEARCH_FOLD_A,51,2017-07-18,2017-07-19,492.7999877929688,489.9249877929688,0,0,True,True,False,True,True
INFY,SEARCH_FOLD_A,52,2017-07-27,2017-07-28,485.5249938964844,498.6749877929688,1,1,True,True,False,True,True
INFY,SEARCH_FOLD_A,53,2017-08-08,2017-08-09,481.9249877929688,484.6749877929688,1,1,True,True,False,True,True
INFY,SEARCH_FOLD_A,54,2017-08-18,2017-08-21,461.625,436.7000122070313,0,0,True,True,False,True,True
INFY,SEARCH_FOLD_A,55,2017-08-31,2017-09-01,457.4750061035156,459.9750061035156,1,1,True,True,False,True,True
INFY,SEARCH_FOLD_A,56,2017-09-11,2017-09-12,439.3500061035156,442.0249938964844,1,1,True,True,False,True,True
INFY,SEARCH_FOLD_A,57,2017-09-20,2017-09-21,456.3500061035156,454.7749938964844,0,0,True,True,False,True,True
INFY,SEARCH_FOLD_A,58,2017-10-03,2017-10-04,451.7749938964844,449.7999877929688,0,0,True,True,False,True,True
INFY,SEARCH_FOLD_A,59,2017-10-12,2017-10-13,463.6499938964844,465.0499877929688,1,1,True,True,False,True,True
INFY,SEARCH_FOLD_A,60,2017-10-25,2017-10-26,467.6499938964844,473.6749877929688,1,1,True,True,False,True,True
INFY,SEARCH_FOLD_A,61,2017-11-03,2017-11-06,463.3250122070313,464.3500061035156,1,1,True,True,False,True,True
INFY,SEARCH_FOLD_A,62,2017-11-15,2017-11-16,475.8999938964844,494.2000122070313,1,1,True,True,False,True,True
INFY,SEARCH_FOLD_A,63,2017-11-24,2017-11-27,504.7749938964844,499.375,0,0,True,True,False,True,True
INFY,SEARCH_FOLD_A,64,2017-12-06,2017-12-07,495.1499938964844,499.8999938964844,1,1,True,True,False,True,True
INFY,SEARCH_FOLD_A,65,2017-12-15,2017-12-18,511.4500122070313,508.2999877929688,0,0,True,True,False,True,True
INFY,SEARCH_FOLD_A,66,2017-12-28,2017-12-29,516.625,521.0250244140625,1,1,True,True,False,True,True
INFY,SEARCH_FOLD_A,67,2018-01-08,2018-01-09,518.0250244140625,520.6749877929688,1,1,True,True,False,True,True
INFY,SEARCH_FOLD_A,68,2018-01-17,2018-01-18,576.0499877929688,576.3499755859375,1,1,True,True,False,True,True
INFY,SEARCH_FOLD_A,69,2018-01-30,2018-01-31,585.3250122070312,575.125,0,0,True,True,False,True,True
INFY,SEARCH_FOLD_A,70,2018-02-08,2018-02-09,567.125,554.5750122070312,0,0,True,True,False,True,True
INFY,SEARCH_FOLD_A,71,2018-02-21,2018-02-22,573.7000122070312,580.375,1,1,True,True,False,True,True
INFY,SEARCH_FOLD_A,72,2018-03-05,2018-03-06,577.9500122070312,575.6749877929688,0,0,True,True,False,True,True
INFY,SEARCH_FOLD_A,73,2018-03-15,2018-03-16,591.25,585.9500122070312,0,0,True,True,False,True,True
INFY,SEARCH_FOLD_A,74,2018-03-26,2018-03-27,577.625,577.0,0,0,True,True,False,True,True
INFY,SEARCH_FOLD_A,75,2018-04-09,2018-04-10,555.625,556.7000122070312,1,1,True,True,False,True,True
INFY,SEARCH_FOLD_A,76,2018-04-18,2018-04-19,562.9749755859375,566.4249877929688,1,1,True,True,False,True,True
INFY,SEARCH_FOLD_A,77,2018-04-30,2018-05-02,599.75,598.5250244140625,0,0,True,True,False,True,True
INFY,SEARCH_FOLD_A,78,2018-05-10,2018-05-11,584.0,590.375,1,1,True,True,False,True,True
INFY,SEARCH_FOLD_A,79,2018-05-21,2018-05-22,589.75,596.9249877929688,1,1,True,True,False,True,True
INFY,SEARCH_FOLD_A,80,2018-05-31,2018-06-01,615.9000244140625,610.4000244140625,0,0,True,True,False,True,True
INFY,SEARCH_FOLD_A,81,2018-06-11,2018-06-12,631.2000122070312,629.25,0,0,True,True,False,True,True
INFY,SEARCH_FOLD_A,82,2018-06-21,2018-06-22,623.2750244140625,623.9249877929688,1,1,True,True,False,True,True
INFY,SEARCH_FOLD_A,83,2018-07-02,2018-07-03,667.3499755859375,676.875,1,1,True,True,False,True,True
INFY,SEARCH_FOLD_A,84,2018-07-12,2018-07-13,647.1749877929688,658.7000122070312,1,1,True,True,False,True,True
INFY,SEARCH_FOLD_A,85,2018-07-23,2018-07-24,677.9749755859375,688.5750122070312,1,1,True,True,False,True,True
INFY,SEARCH_FOLD_A,86,2018-08-02,2018-08-03,676.8250122070312,682.0499877929688,1,1,True,True,False,True,True
INFY,SEARCH_FOLD_A,87,2018-08-13,2018-08-14,704.375,704.1500244140625,0,0,True,True,False,True,True
INFY,SEARCH_FOLD_A,88,2018-08-27,2018-08-28,707.7000122070312,712.3499755859375,1,1,True,True,False,True,True
INFY,SEARCH_FOLD_A,89,2018-09-05,2018-09-06,729.9000244140625,727.1500244140625,0,0,True,True,False,True,True
INFY,SEARCH_FOLD_A,90,2018-09-17,2018-09-18,725.9500122070312,719.0999755859375,0,0,True,True,False,True,True
INFY,SEARCH_FOLD_A,91,2018-09-28,2018-10-01,730.0499877929688,746.6500244140625,1,1,True,True,False,True,True
INFY,SEARCH_FOLD_A,92,2018-10-10,2018-10-11,700.4500122070312,673.3499755859375,0,0,True,True,False,True,True
INFY,SEARCH_FOLD_A,93,2018-10-23,2018-10-24,657.5999755859375,649.7999877929688,0,0,True,True,False,True,True
INFY,SEARCH_FOLD_A,94,2018-11-01,2018-11-02,666.7000122070312,662.25,0,0,True,True,False,True,True
INFY,SEARCH_FOLD_A,95,2018-11-14,2018-11-15,653.2000122070312,656.4000244140625,1,1,True,True,False,True,True
INFY,SEARCH_FOLD_A,96,2018-11-26,2018-11-27,621.4500122070312,638.9000244140625,1,1,True,True,False,True,True
INFY,SEARCH_FOLD_A,97,2018-12-06,2018-12-07,668.5,682.7999877929688,1,1,True,True,False,True,True
INFY,SEARCH_FOLD_A,98,2018-12-17,2018-12-18,694.4000244140625,676.5999755859375,0,0,True,True,False,True,True
INFY,SEARCH_FOLD_A,99,2018-12-28,2018-12-31,656.9500122070312,658.9500122070312,1,1,True,True,False,True,True
RELIANCE,SEARCH_FOLD_B,0,2016-01-01,2016-01-04,232.0919342041016,227.5088348388672,0,0,True,True,False,True,True
RELIANCE,SEARCH_FOLD_B,1,2016-01-14,2016-01-15,242.67532348632807,245.33831787109372,1,1,True,True,False,True,True
RELIANCE,SEARCH_FOLD_B,2,2016-01-29,2016-02-01,236.67501831054688,235.50924682617188,0,0,True,True,False,True,True
RELIANCE,SEARCH_FOLD_B,3,2016-02-12,2016-02-15,207.2220764160156,216.4111175537109,1,1,True,True,False,True,True
RELIANCE,SEARCH_FOLD_B,4,2016-02-26,2016-02-29,217.2340240478516,220.95993041992188,1,1,True,True,False,True,True
RELIANCE,SEARCH_FOLD_B,5,2016-03-14,2016-03-15,233.0977020263672,233.2691345214844,1,1,True,True,False,True,True
RELIANCE,SEARCH_FOLD_B,6,2016-03-30,2016-03-31,239.3380126953125,238.9151306152344,0,0,True,True,False,True,True
RELIANCE,SEARCH_FOLD_B,7,2016-04-13,2016-04-18,243.68109130859372,243.38394165039065,0,0,True,True,False,True,True
RELIANCE,SEARCH_FOLD_B,8,2016-05-02,2016-05-03,225.6001739501953,223.0514678955078,0,0,True,True,False,True,True
RELIANCE,SEARCH_FOLD_B,9,2016-05-16,2016-05-17,223.08575439453125,221.5313873291016,0,0,True,True,False,True,True
RELIANCE,SEARCH_FOLD_B,10,2016-05-30,2016-05-31,221.42852783203125,218.94839477539065,0,0,True,True,False,True,True
RELIANCE,SEARCH_FOLD_B,11,2016-06-10,2016-06-13,223.25718688964844,224.2629547119141,1,1,True,True,False,True,True
RELIANCE,SEARCH_FOLD_B,12,2016-06-24,2016-06-27,217.48545837402344,218.4455108642578,1,1,True,True,False,True,True
RELIANCE,SEARCH_FOLD_B,13,2016-07-11,2016-07-12,226.86880493164065,229.36036682128903,1,1,True,True,False,True,True
RELIANCE,SEARCH_FOLD_B,14,2016-07-25,2016-07-26,233.783447265625,234.08059692382807,1,1,True,True,False,True,True
RELIANCE,SEARCH_FOLD_B,15,2016-08-08,2016-08-09,235.2692413330078,235.6006774902344,1,1,True,True,False,True,True
RELIANCE,SEARCH_FOLD_B,16,2016-08-23,2016-08-24,230.9718780517578,233.2691345214844,1,1,True,True,False,True,True
RELIANCE,SEARCH_FOLD_B,17,2016-09-07,2016-09-08,232.61767578125,236.2178497314453,1,1,True,True,False,True,True
RELIANCE,SEARCH_FOLD_B,18,2016-09-22,2016-09-23,248.9156494140625,252.0815277099609,1,1,True,True,False,True,True
RELIANCE,SEARCH_FOLD_B,19,2016-10-06,2016-10-07,253.9102020263672,253.49874877929688,0,0,True,True,False,True,True
RELIANCE,SEARCH_FOLD_B,20,2016-10-24,2016-10-25,243.052490234375,242.49246215820312,0,0,True,True,False,True,True
RELIANCE,SEARCH_FOLD_B,21,2016-11-08,2016-11-09,229.3832244873047,229.63465881347656,1,1,True,True,False,True,True
RELIANCE,SEARCH_FOLD_B,22,2016-11-22,2016-11-23,228.9146270751953,230.6404266357422,1,1,True,True,False,True,True
RELIANCE,SEARCH_FOLD_B,23,2016-12-06,2016-12-07,229.7718048095703,228.38888549804688,0,0,True,True,False,True,True
RELIANCE,SEARCH_FOLD_B,24,2016-12-20,2016-12-21,241.81814575195312,243.0410614013672,1,1,True,True,False,True,True
RELIANCE,SEARCH_FOLD_B,25,2017-01-03,2017-01-04,249.0185089111328,243.9325408935547,0,0,True,True,False,True,True
RELIANCE,SEARCH_FOLD_B,26,2017-01-17,2017-01-18,238.01223754882807,236.0235595703125,0,0,True,True,False,True,True
RELIANCE,SEARCH_FOLD_B,27,2017-02-01,2017-02-02,239.9323272705078,238.52655029296875,0,0,True,True,False,True,True
RELIANCE,SEARCH_FOLD_B,28,2017-02-15,2017-02-16,240.3094940185547,244.01254272460935,1,1,True,True,False,True,True
RELIANCE,SEARCH_FOLD_B,29,2017-03-02,2017-03-03,282.70025634765625,287.683349609375,1,1,True,True,False,True,True
RELIANCE,SEARCH_FOLD_B,30,2017-03-17,2017-03-20,297.3181457519531,292.76934814453125,0,0,True,True,False,True,True
RELIANCE,SEARCH_FOLD_B,31,2017-03-31,2017-04-03,301.9355163574219,314.22186279296875,1,1,True,True,False,True,True
RELIANCE,SEARCH_FOLD_B,32,2017-04-18,2017-04-19,313.2046813964844,312.8846435546875,0,0,True,True,False,True,True
RELIANCE,SEARCH_FOLD_B,33,2017-05-03,2017-05-04,313.18182373046875,310.404541015625,0,0,True,True,False,True,True
RELIANCE,SEARCH_FOLD_B,34,2017-05-16,2017-05-17,310.0273742675781,309.2958984375,0,0,True,True,False,True,True
RELIANCE,SEARCH_FOLD_B,35,2017-05-30,2017-05-31,310.7245483398437,306.4614562988281,0,0,True,True,False,True,True
RELIANCE,SEARCH_FOLD_B,36,2017-06-13,2017-06-14,300.43829345703125,310.3016662597656,1,1,True,True,False,True,True
RELIANCE,SEARCH_FOLD_B,37,2017-06-28,2017-06-29,319.673583984375,318.3477783203125,0,0,True,True,False,True,True
RELIANCE,SEARCH_FOLD_B,38,2017-07-12,2017-07-13,345.4120483398437,347.92645263671875,1,1,True,True,False,True,True
RELIANCE,SEARCH_FOLD_B,39,2017-07-26,2017-07-27,370.933349609375,364.5444641113281,0,0,True,True,False,True,True
RELIANCE,SEARCH_FOLD_B,40,2017-08-09,2017-08-10,365.4587707519531,362.15576171875,0,0,True,True,False,True,True
RELIANCE,SEARCH_FOLD_B,41,2017-08-24,2017-08-28,358.4298400878906,358.08697509765625,0,0,True,True,False,True,True
RELIANCE,SEARCH_FOLD_B,42,2017-09-08,2017-09-11,373.4591979980469,373.9163513183594,1,1,True,True,False,True,True
RELIANCE,SEARCH_FOLD_B,43,2017-09-22,2017-09-25,373.6877746582031,375.58502197265625,1,1,True,True,False,True,True
RELIANCE,SEARCH_FOLD_B,44,2017-10-06,2017-10-09,382.6711120605469,379.7452392578125,0,0,True,True,False,True,True
RELIANCE,SEARCH_FOLD_B,45,2017-10-23,2017-10-24,429.6220703125,427.107666015625,0,0,True,True,False,True,True
RELIANCE,SEARCH_FOLD_B,46,2017-11-06,2017-11-07,426.3076171875,414.5127258300781,0,0,True,True,False,True,True
RELIANCE,SEARCH_FOLD_B,47,2017-11-20,2017-11-21,420.9816284179688,426.3304748535156,1,1,True,True,False,True,True
RELIANCE,SEARCH_FOLD_B,48,2017-12-04,2017-12-05,412.1811828613281,417.712890625,1,1,True,True,False,True,True
RELIANCE,SEARCH_FOLD_B,49,2017-12-18,2017-12-19,421.0502014160156,423.3132019042969,1,1,True,True,False,True,True
RELIANCE,SEARCH_FOLD_B,50,2018-01-02,2018-01-03,416.547119140625,418.2157897949219,1,1,True,True,False,True,True
RELIANCE,SEARCH_FOLD_B,51,2018-01-16,2018-01-17,421.9416809082031,422.6502990722656,1,1,True,True,False,True,True
RELIANCE,SEARCH_FOLD_B,52,2018-01-31,2018-02-01,439.4740295410156,431.4964599609375,0,0,True,True,False,True,True
RELIANCE,SEARCH_FOLD_B,53,2018-02-15,2018-02-16,427.7477111816406,421.1873779296875,0,0,True,True,False,True,True
RELIANCE,SEARCH_FOLD_B,54,2018-03-01,2018-03-05,433.5765686035156,422.4674377441406,0,0,True,True,False,True,True
RELIANCE,SEARCH_FOLD_B,55,2018-03-16,2018-03-19,411.47259521484375,409.3924865722656,0,0,True,True,False,True,True
RELIANCE,SEARCH_FOLD_B,56,2018-04-02,2018-04-03,408.2266845703125,411.2439880371094,1,1,True,True,False,True,True
RELIANCE,SEARCH_FOLD_B,57,2018-04-16,2018-04-17,428.3877258300781,431.6793212890625,1,1,True,True,False,True,True
RELIANCE,SEARCH_FOLD_B,58,2018-04-30,2018-05-02,440.3883666992188,444.6857299804688,1,1,True,True,False,True,True
RELIANCE,SEARCH_FOLD_B,59,2018-05-15,2018-05-16,447.5429992675781,437.1195983886719,0,0,True,True,False,True,True
RELIANCE,SEARCH_FOLD_B,60,2018-05-29,2018-05-30,419.4272766113281,418.8100891113281,0,0,True,True,False,True,True
RELIANCE,SEARCH_FOLD_B,61,2018-06-12,2018-06-13,455.8634338378906,458.3092651367188,1,1,True,True,False,True,True
RELIANCE,SEARCH_FOLD_B,62,2018-06-26,2018-06-27,447.5429992675781,441.55413818359375,0,0,True,True,False,True,True
RELIANCE,SEARCH_FOLD_B,63,2018-07-10,2018-07-11,468.91552734375,474.9044189453125,1,1,True,True,False,True,True
RELIANCE,SEARCH_FOLD_B,64,2018-07-24,2018-07-25,507.8889770507813,509.8090515136719,1,1,True,True,False,True,True
RELIANCE,SEARCH_FOLD_B,65,2018-08-07,2018-08-08,541.3764038085938,556.6914672851562,1,1,True,True,False,True,True
RELIANCE,SEARCH_FOLD_B,66,2018-08-23,2018-08-24,580.349853515625,584.030029296875,1,1,True,True,False,True,True
RELIANCE,SEARCH_FOLD_B,67,2018-09-05,2018-09-06,560.943115234375,576.6696166992188,1,1,True,True,False,True,True
RELIANCE,SEARCH_FOLD_B,68,2018-09-21,2018-09-24,556.6000366210938,563.2518310546875,1,1,True,True,False,True,True
RELIANCE,SEARCH_FOLD_B,69,2018-10-08,2018-10-09,507.1803588867188,498.3341979980469,0,0,True,True,False,True,True
RELIANCE,SEARCH_FOLD_B,70,2018-10-23,2018-10-24,482.1733703613281,478.0817260742188,0,0,True,True,False,True,True
RELIANCE,SEARCH_FOLD_B,71,2018-11-06,2018-11-07,504.7573852539063,507.774658203125,1,1,True,True,False,True,True
RELIANCE,SEARCH_FOLD_B,72,2018-11-21,2018-11-22,508.7804260253906,504.1859130859375,0,0,True,True,False,True,True
RELIANCE,SEARCH_FOLD_B,73,2018-12-06,2018-12-07,513.6950073242188,518.335205078125,1,1,True,True,False,True,True
RELIANCE,SEARCH_FOLD_B,74,2018-12-20,2018-12-21,515.889404296875,502.9744262695313,0,0,True,True,False,True,True
RELIANCE,SEARCH_FOLD_B,75,2019-01-04,2019-01-07,502.2658081054688,505.0545349121094,1,1,True,True,False,True,True
RELIANCE,SEARCH_FOLD_B,76,2019-01-18,2019-01-21,541.4449462890625,565.8347778320312,1,1,True,True,False,True,True
RELIANCE,SEARCH_FOLD_B,77,2019-01-31,2019-02-01,561.01171875,571.43505859375,1,1,True,True,False,True,True
RELIANCE,SEARCH_FOLD_B,78,2019-02-15,2019-02-18,568.920654296875,557.7886962890625,0,0,True,True,False,True,True
RELIANCE,SEARCH_FOLD_B,79,2019-03-01,2019-03-05,560.5087890625,565.8119506835938,1,1,True,True,False,True,True
RELIANCE,SEARCH_FOLD_B,80,2019-03-18,2019-03-19,617.1974487304688,629.3123779296875,1,1,True,True,False,True,True
RELIANCE,SEARCH_FOLD_B,81,2019-04-03,2019-04-04,628.6951904296875,618.5689697265625,0,0,True,True,False,True,True
RELIANCE,SEARCH_FOLD_B,82,2019-04-18,2019-04-22,633.6097412109375,615.0487670898438,0,0,True,True,False,True,True
RELIANCE,SEARCH_FOLD_B,83,2019-05-07,2019-05-08,614.2030029296875,594.0648193359375,0,0,True,True,False,True,True
RELIANCE,SEARCH_FOLD_B,84,2019-05-21,2019-05-22,612.511474609375,612.7857666015625,1,1,True,True,False,True,True
RELIANCE,SEARCH_FOLD_B,85,2019-06-04,2019-06-06,617.9288940429688,606.8197631835938,0,0,True,True,False,True,True
RELIANCE,SEARCH_FOLD_B,86,2019-06-19,2019-06-20,583.96142578125,592.8304443359375,1,1,True,True,False,True,True
RELIANCE,SEARCH_FOLD_B,87,2019-07-03,2019-07-04,586.3386840820312,587.0015869140625,1,1,True,True,False,True,True
RELIANCE,SEARCH_FOLD_B,88,2019-07-16,2019-07-17,591.1160888671875,586.0186767578125,0,0,True,True,False,True,True
RELIANCE,SEARCH_FOLD_B,89,2019-07-30,2019-07-31,539.8677368164062,533.1702880859375,0,0,True,True,False,True,True
RELIANCE,SEARCH_FOLD_B,90,2019-08-14,2019-08-16,588.944580078125,584.2586059570312,0,0,True,True,False,True,True
RELIANCE,SEARCH_FOLD_B,91,2019-08-29,2019-08-30,567.6863403320312,570.7950439453125,1,1,True,True,False,True,True
RELIANCE,SEARCH_FOLD_B,92,2019-09-16,2019-09-17,553.51416015625,547.433837890625,0,0,True,True,False,True,True
RELIANCE,SEARCH_FOLD_B,93,2019-09-30,2019-10-01,609.0598754882812,596.556396484375,0,0,True,True,False,True,True
RELIANCE,SEARCH_FOLD_B,94,2019-10-16,2019-10-17,627.3922729492188,638.4328002929688,1,1,True,True,False,True,True
RELIANCE,SEARCH_FOLD_B,95,2019-10-31,2019-11-01,669.4515380859375,666.045654296875,0,0,True,True,False,True,True
RELIANCE,SEARCH_FOLD_B,96,2019-11-15,2019-11-18,672.4231567382812,667.09716796875,0,0,True,True,False,True,True
RELIANCE,SEARCH_FOLD_B,97,2019-11-29,2019-12-02,709.1336059570312,725.29443359375,1,1,True,True,False,True,True
RELIANCE,SEARCH_FOLD_B,98,2019-12-13,2019-12-16,723.6486206054688,716.1968383789062,0,0,True,True,False,True,True
RELIANCE,SEARCH_FOLD_B,99,2019-12-30,2019-12-31,705.956298828125,692.1727294921875,0,0,True,True,False,True,True
TCS,SEARCH_FOLD_B,0,2016-01-01,2016-01-04,1208.199951171875,1184.800048828125,0,0,True,True,False,True,True
TCS,SEARCH_FOLD_B,1,2016-01-14,2016-01-15,1139.4000244140625,1130.550048828125,0,0,True,True,False,True,True
TCS,SEARCH_FOLD_B,2,2016-01-29,2016-02-01,1195.6500244140625,1201.3499755859375,1,1,True,True,False,True,True
TCS,SEARCH_FOLD_B,3,2016-02-12,2016-02-15,1113.300048828125,1134.574951171875,1,1,True,True,False,True,True
TCS,SEARCH_FOLD_B,4,2016-02-26,2016-02-29,1105.25,1088.4000244140625,0,0,True,True,False,True,True
TCS,SEARCH_FOLD_B,5,2016-03-14,2016-03-15,1177.5,1164.949951171875,0,0,True,True,False,True,True
TCS,SEARCH_FOLD_B,6,2016-03-30,2016-03-31,1244.75,1260.1500244140625,1,1,True,True,False,True,True
TCS,SEARCH_FOLD_B,7,2016-04-13,2016-04-18,1263.0999755859375,1259.875,0,0,True,True,False,True,True
TCS,SEARCH_FOLD_B,8,2016-05-02,2016-05-03,1263.3499755859375,1239.050048828125,0,0,True,True,False,True,True
TCS,SEARCH_FOLD_B,9,2016-05-16,2016-05-17,1275.574951171875,1285.0999755859375,1,1,True,True,False,True,True
TCS,SEARCH_FOLD_B,10,2016-05-30,2016-05-31,1318.199951171875,1284.699951171875,0,0,True,True,False,True,True
TCS,SEARCH_FOLD_B,11,2016-06-10,2016-06-13,1277.875,1273.5,0,0,True,True,False,True,True
TCS,SEARCH_FOLD_B,12,2016-06-24,2016-06-27,1286.9749755859375,1247.925048828125,0,0,True,True,False,True,True
TCS,SEARCH_FOLD_B,13,2016-07-11,2016-07-12,1232.074951171875,1232.4749755859375,1,1,True,True,False,True,True
TCS,SEARCH_FOLD_B,14,2016-07-25,2016-07-26,1279.4749755859375,1276.300048828125,0,0,True,True,False,True,True
TCS,SEARCH_FOLD_B,15,2016-08-08,2016-08-09,1324.75,1325.0999755859375,1,1,True,True,False,True,True
TCS,SEARCH_FOLD_B,16,2016-08-23,2016-08-24,1300.5250244140625,1286.0250244140625,0,0,True,True,False,True,True
TCS,SEARCH_FOLD_B,17,2016-09-07,2016-09-08,1220.2750244140625,1161.050048828125,0,0,True,True,False,True,True
TCS,SEARCH_FOLD_B,18,2016-09-22,2016-09-23,1189.0,1199.050048828125,1,1,True,True,False,True,True
TCS,SEARCH_FOLD_B,19,2016-10-06,2016-10-07,1194.375,1183.9000244140625,0,0,True,True,False,True,True
TCS,SEARCH_FOLD_B,20,2016-10-24,2016-10-25,1213.8499755859375,1199.2249755859375,0,0,True,True,False,True,True
TCS,SEARCH_FOLD_B,21,2016-11-08,2016-11-09,1141.5999755859375,1084.925048828125,0,0,True,True,False,True,True
TCS,SEARCH_FOLD_B,22,2016-11-22,2016-11-23,1067.5,1078.175048828125,1,1,True,True,False,True,True
TCS,SEARCH_FOLD_B,23,2016-12-06,2016-12-07,1091.175048828125,1077.2750244140625,0,0,True,True,False,True,True
TCS,SEARCH_FOLD_B,24,2016-12-20,2016-12-21,1169.6500244140625,1156.800048828125,0,0,True,True,False,True,True
TCS,SEARCH_FOLD_B,25,2017-01-03,2017-01-04,1184.125,1189.75,1,1,True,True,False,True,True
TCS,SEARCH_FOLD_B,26,2017-01-17,2017-01-18,1139.375,1147.550048828125,1,1,True,True,False,True,True
TCS,SEARCH_FOLD_B,27,2017-02-01,2017-02-02,1083.949951171875,1103.824951171875,1,1,True,True,False,True,True
TCS,SEARCH_FOLD_B,28,2017-02-15,2017-02-16,1206.8499755859375,1223.875,1,1,True,True,False,True,True
TCS,SEARCH_FOLD_B,29,2017-03-02,2017-03-03,1250.7249755859375,1247.0250244140625,0,0,True,True,False,True,True
TCS,SEARCH_FOLD_B,30,2017-03-17,2017-03-20,1262.875,1240.0,0,0,True,True,False,True,True
TCS,SEARCH_FOLD_B,31,2017-03-31,2017-04-03,1215.9000244140625,1205.8499755859375,0,0,True,True,False,True,True
TCS,SEARCH_FOLD_B,32,2017-04-18,2017-04-19,1154.4000244140625,1149.574951171875,0,0,True,True,False,True,True
TCS,SEARCH_FOLD_B,33,2017-05-03,2017-05-04,1168.6500244140625,1165.050048828125,0,0,True,True,False,True,True
TCS,SEARCH_FOLD_B,34,2017-05-16,2017-05-17,1214.574951171875,1227.675048828125,1,1,True,True,False,True,True
TCS,SEARCH_FOLD_B,35,2017-05-30,2017-05-31,1275.550048828125,1273.300048828125,0,0,True,True,False,True,True
TCS,SEARCH_FOLD_B,36,2017-06-13,2017-06-14,1225.7750244140625,1235.0999755859375,1,1,True,True,False,True,True
TCS,SEARCH_FOLD_B,37,2017-06-28,2017-06-29,1175.0250244140625,1166.625,0,0,True,True,False,True,True
TCS,SEARCH_FOLD_B,38,2017-07-12,2017-07-13,1219.7249755859375,1223.199951171875,1,1,True,True,False,True,True
TCS,SEARCH_FOLD_B,39,2017-07-26,2017-07-27,1278.0,1240.8499755859375,0,0,True,True,False,True,True
TCS,SEARCH_FOLD_B,40,2017-08-09,2017-08-10,1256.0,1255.7249755859375,0,0,True,True,False,True,True
TCS,SEARCH_FOLD_B,41,2017-08-24,2017-08-28,1248.300048828125,1243.6500244140625,0,0,True,True,False,True,True
TCS,SEARCH_FOLD_B,42,2017-09-08,2017-09-11,1235.300048828125,1227.2249755859375,0,0,True,True,False,True,True
TCS,SEARCH_FOLD_B,43,2017-09-22,2017-09-25,1251.800048828125,1255.375,1,1,True,True,False,True,True
TCS,SEARCH_FOLD_B,44,2017-10-06,2017-10-09,1223.324951171875,1227.050048828125,1,1,True,True,False,True,True
TCS,SEARCH_FOLD_B,45,2017-10-23,2017-10-24,1293.949951171875,1289.199951171875,0,0,True,True,False,True,True
TCS,SEARCH_FOLD_B,46,2017-11-06,2017-11-07,1332.7750244140625,1355.0250244140625,1,1,True,True,False,True,True
TCS,SEARCH_FOLD_B,47,2017-11-20,2017-11-21,1351.7249755859375,1336.4749755859375,0,0,True,True,False,True,True
TCS,SEARCH_FOLD_B,48,2017-12-04,2017-12-05,1316.175048828125,1317.7750244140625,1,1,True,True,False,True,True
TCS,SEARCH_FOLD_B,49,2017-12-18,2017-12-19,1290.25,1287.6500244140625,0,0,True,True,False,True,True
TCS,SEARCH_FOLD_B,50,2018-01-02,2018-01-03,1315.5999755859375,1319.324951171875,1,1,True,True,False,True,True
TCS,SEARCH_FOLD_B,51,2018-01-16,2018-01-17,1425.425048828125,1444.4749755859375,1,1,True,True,False,True,True
TCS,SEARCH_FOLD_B,52,2018-01-31,2018-02-01,1556.175048828125,1569.300048828125,1,1,True,True,False,True,True
TCS,SEARCH_FOLD_B,53,2018-02-15,2018-02-16,1462.925048828125,1466.5250244140625,1,1,True,True,False,True,True
TCS,SEARCH_FOLD_B,54,2018-03-01,2018-03-05,1518.8499755859375,1552.925048828125,1,1,True,True,False,True,True
TCS,SEARCH_FOLD_B,55,2018-03-16,2018-03-19,1412.8499755859375,1415.5,1,1,True,True,False,True,True
TCS,SEARCH_FOLD_B,56,2018-04-02,2018-04-03,1454.824951171875,1455.625,1,1,True,True,False,True,True
TCS,SEARCH_FOLD_B,57,2018-04-16,2018-04-17,1593.824951171875,1583.300048828125,0,0,True,True,False,True,True
TCS,SEARCH_FOLD_B,58,2018-04-30,2018-05-02,1766.050048828125,1749.875,0,0,True,True,False,True,True
TCS,SEARCH_FOLD_B,59,2018-05-15,2018-05-16,1741.199951171875,1746.949951171875,1,1,True,True,False,True,True
TCS,SEARCH_FOLD_B,60,2018-05-29,2018-05-30,1761.75,1757.050048828125,0,0,True,True,False,True,True
TCS,SEARCH_FOLD_B,61,2018-06-12,2018-06-13,1781.0,1824.0999755859373,1,1,True,True,False,True,True
TCS,SEARCH_FOLD_B,62,2018-06-26,2018-06-27,1852.0,1858.0,1,1,True,True,False,True,True
TCS,SEARCH_FOLD_B,63,2018-07-10,2018-07-11,1875.0999755859373,1979.9000244140625,1,1,True,True,False,True,True
TCS,SEARCH_FOLD_B,64,2018-07-24,2018-07-25,1999.0,1981.5,0,0,True,True,False,True,True
TCS,SEARCH_FOLD_B,65,2018-08-07,2018-08-08,1967.3499755859373,1974.0,1,1,True,True,False,True,True
TCS,SEARCH_FOLD_B,66,2018-08-23,2018-08-24,2035.0999755859373,2043.0,1,1,True,True,False,True,True
TCS,SEARCH_FOLD_B,67,2018-09-05,2018-09-06,2079.25,2075.300048828125,0,0,True,True,False,True,True
TCS,SEARCH_FOLD_B,68,2018-09-21,2018-09-24,2103.14990234375,2198.449951171875,1,1,True,True,False,True,True
TCS,SEARCH_FOLD_B,69,2018-10-08,2018-10-09,2077.550048828125,2091.800048828125,1,1,True,True,False,True,True
TCS,SEARCH_FOLD_B,70,2018-10-23,2018-10-24,1843.6500244140625,1848.5,1,1,True,True,False,True,True
TCS,SEARCH_FOLD_B,71,2018-11-06,2018-11-07,1932.699951171875,1942.1500244140625,1,1,True,True,False,True,True
TCS,SEARCH_FOLD_B,72,2018-11-21,2018-11-22,1812.0,1812.550048828125,1,1,True,True,False,True,True
TCS,SEARCH_FOLD_B,73,2018-12-06,2018-12-07,1992.699951171875,1995.199951171875,1,1,True,True,False,True,True
TCS,SEARCH_FOLD_B,74,2018-12-20,2018-12-21,1954.050048828125,1895.800048828125,0,0,True,True,False,True,True
TCS,SEARCH_FOLD_B,75,2019-01-04,2019-01-07,1876.8499755859373,1897.9000244140625,1,1,True,True,False,True,True
TCS,SEARCH_FOLD_B,76,2019-01-18,2019-01-21,1900.6500244140625,1908.699951171875,1,1,True,True,False,True,True
TCS,SEARCH_FOLD_B,77,2019-01-31,2019-02-01,2014.0999755859373,2029.949951171875,1,1,True,True,False,True,True
TCS,SEARCH_FOLD_B,78,2019-02-15,2019-02-18,2029.699951171875,1970.300048828125,0,0,True,True,False,True,True
TCS,SEARCH_FOLD_B,79,2019-03-01,2019-03-05,1995.4000244140625,1988.0999755859373,0,0,True,True,False,True,True
TCS,SEARCH_FOLD_B,80,2019-03-18,2019-03-19,2022.800048828125,2022.800048828125,0,0,True,True,False,True,True
TCS,SEARCH_FOLD_B,81,2019-04-03,2019-04-04,2079.300048828125,2014.5,0,0,True,True,False,True,True
TCS,SEARCH_FOLD_B,82,2019-04-18,2019-04-22,2150.050048828125,2161.449951171875,1,1,True,True,False,True,True
TCS,SEARCH_FOLD_B,83,2019-05-07,2019-05-08,2151.949951171875,2152.85009765625,1,1,True,True,False,True,True
TCS,SEARCH_FOLD_B,84,2019-05-21,2019-05-22,2109.75,2081.75,0,0,True,True,False,True,True
TCS,SEARCH_FOLD_B,85,2019-06-04,2019-06-06,2183.10009765625,2166.10009765625,0,0,True,True,False,True,True
TCS,SEARCH_FOLD_B,86,2019-06-19,2019-06-20,2259.89990234375,2277.949951171875,1,1,True,True,False,True,True
TCS,SEARCH_FOLD_B,87,2019-07-03,2019-07-04,2237.64990234375,2242.64990234375,1,1,True,True,False,True,True
TCS,SEARCH_FOLD_B,88,2019-07-16,2019-07-17,2106.0,2117.25,1,1,True,True,False,True,True
TCS,SEARCH_FOLD_B,89,2019-07-30,2019-07-31,2179.14990234375,2205.699951171875,1,1,True,True,False,True,True
TCS,SEARCH_FOLD_B,90,2019-08-14,2019-08-16,2204.39990234375,2165.10009765625,0,0,True,True,False,True,True
TCS,SEARCH_FOLD_B,91,2019-08-29,2019-08-30,2233.449951171875,2259.60009765625,1,1,True,True,False,True,True
TCS,SEARCH_FOLD_B,92,2019-09-16,2019-09-17,2150.0,2122.64990234375,0,0,True,True,False,True,True
TCS,SEARCH_FOLD_B,93,2019-09-30,2019-10-01,2099.300048828125,2059.949951171875,0,0,True,True,False,True,True
TCS,SEARCH_FOLD_B,94,2019-10-16,2019-10-17,2046.4000244140625,2030.949951171875,0,0,True,True,False,True,True
TCS,SEARCH_FOLD_B,95,2019-10-31,2019-11-01,2269.64990234375,2200.89990234375,0,0,True,True,False,True,True
TCS,SEARCH_FOLD_B,96,2019-11-15,2019-11-18,2174.449951171875,2152.60009765625,0,0,True,True,False,True,True
TCS,SEARCH_FOLD_B,97,2019-11-29,2019-12-02,2053.25,2021.050048828125,0,0,True,True,False,True,True
TCS,SEARCH_FOLD_B,98,2019-12-13,2019-12-16,2071.25,2126.75,1,1,True,True,False,True,True
TCS,SEARCH_FOLD_B,99,2019-12-30,2019-12-31,2183.199951171875,2161.699951171875,0,0,True,True,False,True,True
INFY,SEARCH_FOLD_B,0,2016-01-01,2016-01-04,552.625,539.4500122070312,0,0,True,True,False,True,True
INFY,SEARCH_FOLD_B,1,2016-01-14,2016-01-15,566.5,569.9500122070312,1,1,True,True,False,True,True
INFY,SEARCH_FOLD_B,2,2016-01-29,2016-02-01,582.4500122070312,586.6749877929688,1,1,True,True,False,True,True
INFY,SEARCH_FOLD_B,3,2016-02-12,2016-02-15,542.3250122070312,545.875,1,1,True,True,False,True,True
INFY,SEARCH_FOLD_B,4,2016-02-26,2016-02-29,560.5750122070312,542.0250244140625,0,0,True,True,False,True,True
INFY,SEARCH_FOLD_B,5,2016-03-14,2016-03-15,570.5999755859375,567.2000122070312,0,0,True,True,False,True,True
INFY,SEARCH_FOLD_B,6,2016-03-30,2016-03-31,602.9749755859375,609.1500244140625,1,1,True,True,False,True,True
INFY,SEARCH_FOLD_B,7,2016-04-13,2016-04-18,586.3499755859375,619.3499755859375,1,1,True,True,False,True,True
INFY,SEARCH_FOLD_B,8,2016-05-02,2016-05-03,600.5250244140625,588.9000244140625,0,0,True,True,False,True,True
INFY,SEARCH_FOLD_B,9,2016-05-16,2016-05-17,607.5,607.125,0,0,True,True,False,True,True
INFY,SEARCH_FOLD_B,10,2016-05-30,2016-05-31,633.7999877929688,624.3250122070312,0,0,True,True,False,True,True
INFY,SEARCH_FOLD_B,11,2016-06-10,2016-06-13,590.2999877929688,590.4500122070312,1,1,True,True,False,True,True
INFY,SEARCH_FOLD_B,12,2016-06-24,2016-06-27,597.2750244140625,583.0999755859375,0,0,True,True,False,True,True
INFY,SEARCH_FOLD_B,13,2016-07-11,2016-07-12,587.5250244140625,588.2750244140625,1,1,True,True,False,True,True
INFY,SEARCH_FOLD_B,14,2016-07-25,2016-07-26,540.4249877929688,544.3499755859375,1,1,True,True,False,True,True
INFY,SEARCH_FOLD_B,15,2016-08-08,2016-08-09,539.3499755859375,541.7000122070312,1,1,True,True,False,True,True
INFY,SEARCH_FOLD_B,16,2016-08-23,2016-08-24,519.8250122070312,528.7000122070312,1,1,True,True,False,True,True
INFY,SEARCH_FOLD_B,17,2016-09-07,2016-09-08,527.1749877929688,518.8250122070312,0,0,True,True,False,True,True
INFY,SEARCH_FOLD_B,18,2016-09-22,2016-09-23,529.4000244140625,521.2750244140625,0,0,True,True,False,True,True
INFY,SEARCH_FOLD_B,19,2016-10-06,2016-10-07,513.7000122070312,506.2749938964844,0,0,True,True,False,True,True
INFY,SEARCH_FOLD_B,20,2016-10-24,2016-10-25,513.5499877929688,508.6000061035156,0,0,True,True,False,True,True
INFY,SEARCH_FOLD_B,21,2016-11-08,2016-11-09,491.2999877929688,479.1499938964844,0,0,True,True,False,True,True
INFY,SEARCH_FOLD_B,22,2016-11-22,2016-11-23,457.1000061035156,460.125,1,1,True,True,False,True,True
INFY,SEARCH_FOLD_B,23,2016-12-06,2016-12-07,483.25,483.2000122070313,0,0,True,True,False,True,True
INFY,SEARCH_FOLD_B,24,2016-12-20,2016-12-21,506.0750122070313,500.7749938964844,0,0,True,True,False,True,True
INFY,SEARCH_FOLD_B,25,2017-01-03,2017-01-04,496.9249877929688,498.875,1,1,True,True,False,True,True
INFY,SEARCH_FOLD_B,26,2017-01-17,2017-01-18,477.7000122070313,475.3999938964844,0,0,True,True,False,True,True
INFY,SEARCH_FOLD_B,27,2017-02-01,2017-02-02,458.375,467.9500122070313,1,1,True,True,False,True,True
INFY,SEARCH_FOLD_B,28,2017-02-15,2017-02-16,490.8999938964844,506.0499877929688,1,1,True,True,False,True,True
INFY,SEARCH_FOLD_B,29,2017-03-02,2017-03-03,511.6499938964844,515.5999755859375,1,1,True,True,False,True,True
INFY,SEARCH_FOLD_B,30,2017-03-17,2017-03-20,520.1500244140625,510.75,0,0,True,True,False,True,True
INFY,SEARCH_FOLD_B,31,2017-03-31,2017-04-03,511.125,504.3999938964844,0,0,True,True,False,True,True
INFY,SEARCH_FOLD_B,32,2017-04-18,2017-04-19,461.3250122070313,459.6000061035156,0,0,True,True,False,True,True
INFY,SEARCH_FOLD_B,33,2017-05-03,2017-05-04,467.1499938964844,468.8250122070313,1,1,True,True,False,True,True
INFY,SEARCH_FOLD_B,34,2017-05-16,2017-05-17,477.5,476.3999938964844,0,0,True,True,False,True,True
INFY,SEARCH_FOLD_B,35,2017-05-30,2017-05-31,498.1000061035156,488.5249938964844,0,0,True,True,False,True,True
INFY,SEARCH_FOLD_B,36,2017-06-13,2017-06-14,478.8999938964844,479.2999877929688,1,1,True,True,False,True,True
INFY,SEARCH_FOLD_B,37,2017-06-28,2017-06-29,462.3500061035156,465.1000061035156,1,1,True,True,False,True,True
INFY,SEARCH_FOLD_B,38,2017-07-12,2017-07-13,486.1749877929688,488.5249938964844,1,1,True,True,False,True,True
INFY,SEARCH_FOLD_B,39,2017-07-26,2017-07-27,497.0249938964844,485.5249938964844,0,0,True,True,False,True,True
INFY,SEARCH_FOLD_B,40,2017-08-09,2017-08-10,484.6749877929688,490.625,1,1,True,True,False,True,True
INFY,SEARCH_FOLD_B,41,2017-08-24,2017-08-28,456.0750122070313,470.5,1,1,True,True,False,True,True
INFY,SEARCH_FOLD_B,42,2017-09-08,2017-09-11,442.1499938964844,439.3500061035156,0,0,True,True,False,True,True
INFY,SEARCH_FOLD_B,43,2017-09-22,2017-09-25,449.1499938964844,447.6749877929688,0,0,True,True,False,True,True
INFY,SEARCH_FOLD_B,44,2017-10-06,2017-10-09,460.0750122070313,461.9500122070313,1,1,True,True,False,True,True
INFY,SEARCH_FOLD_B,45,2017-10-23,2017-10-24,469.75,463.25,0,0,True,True,False,True,True
INFY,SEARCH_FOLD_B,46,2017-11-06,2017-11-07,464.3500061035156,477.75,1,1,True,True,False,True,True
INFY,SEARCH_FOLD_B,47,2017-11-20,2017-11-21,480.2749938964844,483.125,1,1,True,True,False,True,True
INFY,SEARCH_FOLD_B,48,2017-12-04,2017-12-05,492.6749877929688,492.1749877929688,0,0,True,True,False,True,True
INFY,SEARCH_FOLD_B,49,2017-12-18,2017-12-19,508.2999877929688,501.9750061035156,0,0,True,True,False,True,True
INFY,SEARCH_FOLD_B,50,2018-01-02,2018-01-03,514.8499755859375,510.6499938964844,0,0,True,True,False,True,True
INFY,SEARCH_FOLD_B,51,2018-01-16,2018-01-17,561.4249877929688,576.0499877929688,1,1,True,True,False,True,True
INFY,SEARCH_FOLD_B,52,2018-01-31,2018-02-01,575.125,572.2999877929688,0,0,True,True,False,True,True
INFY,SEARCH_FOLD_B,53,2018-02-15,2018-02-16,557.2249755859375,564.0250244140625,1,1,True,True,False,True,True
INFY,SEARCH_FOLD_B,54,2018-03-01,2018-03-05,580.375,577.9500122070312,0,0,True,True,False,True,True
INFY,SEARCH_FOLD_B,55,2018-03-16,2018-03-19,585.9500122070312,573.375,0,0,True,True,False,True,True
INFY,SEARCH_FOLD_B,56,2018-04-02,2018-04-03,568.5750122070312,570.2249755859375,1,1,True,True,False,True,True
INFY,SEARCH_FOLD_B,57,2018-04-16,2018-04-17,566.5999755859375,562.5999755859375,0,0,True,True,False,True,True
INFY,SEARCH_FOLD_B,58,2018-04-30,2018-05-02,599.75,598.5250244140625,0,0,True,True,False,True,True
INFY,SEARCH_FOLD_B,59,2018-05-15,2018-05-16,597.2750244140625,594.9749755859375,0,0,True,True,False,True,True
INFY,SEARCH_FOLD_B,60,2018-05-29,2018-05-30,608.3499755859375,605.8499755859375,0,0,True,True,False,True,True
INFY,SEARCH_FOLD_B,61,2018-06-12,2018-06-13,629.25,637.4000244140625,1,1,True,True,False,True,True
INFY,SEARCH_FOLD_B,62,2018-06-26,2018-06-27,638.9249877929688,635.0,0,0,True,True,False,True,True
INFY,SEARCH_FOLD_B,63,2018-07-10,2018-07-11,650.7000122070312,660.2249755859375,1,1,True,True,False,True,True
INFY,SEARCH_FOLD_B,64,2018-07-24,2018-07-25,688.5750122070312,691.875,1,1,True,True,False,True,True
INFY,SEARCH_FOLD_B,65,2018-08-07,2018-08-08,683.9749755859375,681.375,0,0,True,True,False,True,True
INFY,SEARCH_FOLD_B,66,2018-08-23,2018-08-24,698.7000122070312,689.1500244140625,0,0,True,True,False,True,True
INFY,SEARCH_FOLD_B,67,2018-09-05,2018-09-06,729.9000244140625,727.1500244140625,0,0,True,True,False,True,True
INFY,SEARCH_FOLD_B,68,2018-09-21,2018-09-24,705.2999877929688,718.25,1,1,True,True,False,True,True
INFY,SEARCH_FOLD_B,69,2018-10-08,2018-10-09,714.4500122070312,717.75,1,1,True,True,False,True,True
INFY,SEARCH_FOLD_B,70,2018-10-23,2018-10-24,657.5999755859375,649.7999877929688,0,0,True,True,False,True,True
INFY,SEARCH_FOLD_B,71,2018-11-06,2018-11-07,666.4500122070312,675.5,1,1,True,True,False,True,True
INFY,SEARCH_FOLD_B,72,2018-11-21,2018-11-22,619.0999755859375,620.75,1,1,True,True,False,True,True
INFY,SEARCH_FOLD_B,73,2018-12-06,2018-12-07,668.5,682.7999877929688,1,1,True,True,False,True,True
INFY,SEARCH_FOLD_B,74,2018-12-20,2018-12-21,667.0499877929688,646.2000122070312,0,0,True,True,False,True,True
INFY,SEARCH_FOLD_B,75,2019-01-04,2019-01-07,661.0499877929688,671.7000122070312,1,1,True,True,False,True,True
INFY,SEARCH_FOLD_B,76,2019-01-18,2019-01-21,730.9500122070312,745.0,1,1,True,True,False,True,True
INFY,SEARCH_FOLD_B,77,2019-01-31,2019-02-01,749.5499877929688,757.0499877929688,1,1,True,True,False,True,True
INFY,SEARCH_FOLD_B,78,2019-02-15,2019-02-18,741.9500122070312,741.0499877929688,0,0,True,True,False,True,True
INFY,SEARCH_FOLD_B,79,2019-03-01,2019-03-05,741.9000244140625,732.5,0,0,True,True,False,True,True
INFY,SEARCH_FOLD_B,80,2019-03-18,2019-03-19,710.2000122070312,722.25,1,1,True,True,False,True,True
INFY,SEARCH_FOLD_B,81,2019-04-03,2019-04-04,753.2999877929688,747.9000244140625,0,0,True,True,False,True,True
INFY,SEARCH_FOLD_B,82,2019-04-18,2019-04-22,717.0499877929688,721.0499877929688,1,1,True,True,False,True,True
INFY,SEARCH_FOLD_B,83,2019-05-07,2019-05-08,724.5499877929688,719.3499755859375,0,0,True,True,False,True,True
INFY,SEARCH_FOLD_B,84,2019-05-21,2019-05-22,709.2999877929688,709.75,1,1,True,True,False,True,True
INFY,SEARCH_FOLD_B,85,2019-06-04,2019-06-06,735.2999877929688,735.5999755859375,1,1,True,True,False,True,True
INFY,SEARCH_FOLD_B,86,2019-06-19,2019-06-20,751.9000244140625,754.9000244140625,1,1,True,True,False,True,True
INFY,SEARCH_FOLD_B,87,2019-07-03,2019-07-04,731.2999877929688,733.7999877929688,1,1,True,True,False,True,True
INFY,SEARCH_FOLD_B,88,2019-07-16,2019-07-17,784.8499755859375,794.1500244140625,1,1,True,True,False,True,True
INFY,SEARCH_FOLD_B,89,2019-07-30,2019-07-31,792.7000122070312,793.6500244140625,1,1,True,True,False,True,True
INFY,SEARCH_FOLD_B,90,2019-08-14,2019-08-16,774.7999877929688,774.5499877929688,0,0,True,True,False,True,True
INFY,SEARCH_FOLD_B,91,2019-08-29,2019-08-30,806.9500122070312,814.9000244140625,1,1,True,True,False,True,True
INFY,SEARCH_FOLD_B,92,2019-09-16,2019-09-17,827.7000122070312,831.25,1,1,True,True,False,True,True
INFY,SEARCH_FOLD_B,93,2019-09-30,2019-10-01,805.6500244140625,793.5499877929688,0,0,True,True,False,True,True
INFY,SEARCH_FOLD_B,94,2019-10-16,2019-10-17,771.4500122070312,769.5,0,0,True,True,False,True,True
INFY,SEARCH_FOLD_B,95,2019-10-31,2019-11-01,685.5999755859375,687.9000244140625,1,1,True,True,False,True,True
INFY,SEARCH_FOLD_B,96,2019-11-15,2019-11-18,703.9000244140625,705.2000122070312,1,1,True,True,False,True,True
INFY,SEARCH_FOLD_B,97,2019-11-29,2019-12-02,696.3499755859375,692.7000122070312,0,0,True,True,False,True,True
INFY,SEARCH_FOLD_B,98,2019-12-13,2019-12-16,711.2999877929688,714.0,1,1,True,True,False,True,True
INFY,SEARCH_FOLD_B,99,2019-12-30,2019-12-31,732.9000244140625,731.1500244140625,0,0,True,True,False,True,True
RELIANCE,SEARCH_FOLD_C,0,2016-01-01,2016-01-04,232.0919342041016,227.5088348388672,0,0,True,True,False,True,True
RELIANCE,SEARCH_FOLD_C,1,2016-01-19,2016-01-20,238.5494079589844,229.62322998046875,0,0,True,True,False,True,True
RELIANCE,SEARCH_FOLD_C,2,2016-02-05,2016-02-08,221.9314117431641,219.67987060546875,0,0,True,True,False,True,True
RELIANCE,SEARCH_FOLD_C,3,2016-02-24,2016-02-25,217.759765625,215.8053741455078,0,0,True,True,False,True,True
RELIANCE,SEARCH_FOLD_C,4,2016-03-14,2016-03-15,233.0977020263672,233.2691345214844,1,1,True,True,False,True,True
RELIANCE,SEARCH_FOLD_C,5,2016-04-04,2016-04-05,236.5950164794922,234.74349975585935,0,0,True,True,False,True,True
RELIANCE,SEARCH_FOLD_C,6,2016-04-25,2016-04-26,232.44622802734372,232.4576568603516,1,1,True,True,False,True,True
RELIANCE,SEARCH_FOLD_C,7,2016-05-12,2016-05-13,226.9373779296875,223.5886383056641,0,0,True,True,False,True,True
RELIANCE,SEARCH_FOLD_C,8,2016-05-30,2016-05-31,221.42852783203125,218.94839477539065,0,0,True,True,False,True,True
RELIANCE,SEARCH_FOLD_C,9,2016-06-16,2016-06-17,223.16575622558597,222.84573364257807,0,0,True,True,False,True,True
RELIANCE,SEARCH_FOLD_C,10,2016-07-04,2016-07-05,225.5430145263672,227.0059509277344,1,1,True,True,False,True,True
RELIANCE,SEARCH_FOLD_C,11,2016-07-21,2016-07-22,230.03468322753903,231.97764587402344,1,1,True,True,False,True,True
RELIANCE,SEARCH_FOLD_C,12,2016-08-09,2016-08-10,235.6006774902344,229.41751098632807,0,0,True,True,False,True,True
RELIANCE,SEARCH_FOLD_C,13,2016-08-26,2016-08-29,234.9606475830078,241.7152862548828,1,1,True,True,False,True,True
RELIANCE,SEARCH_FOLD_C,14,2016-09-16,2016-09-19,245.8526306152344,247.41842651367188,1,1,True,True,False,True,True
RELIANCE,SEARCH_FOLD_C,15,2016-10-04,2016-10-05,250.60716247558597,249.0185089111328,0,0,True,True,False,True,True
RELIANCE,SEARCH_FOLD_C,16,2016-10-25,2016-10-26,242.49246215820312,240.93809509277344,0,0,True,True,False,True,True
RELIANCE,SEARCH_FOLD_C,17,2016-11-11,2016-11-15,228.9832000732422,225.2458648681641,0,0,True,True,False,True,True
RELIANCE,SEARCH_FOLD_C,18,2016-12-01,2016-12-02,228.06886291503903,227.38311767578125,0,0,True,True,False,True,True
RELIANCE,SEARCH_FOLD_C,19,2016-12-19,2016-12-20,242.8810577392578,241.81814575195312,0,0,True,True,False,True,True
RELIANCE,SEARCH_FOLD_C,20,2017-01-04,2017-01-05,243.9325408935547,246.2755126953125,1,1,True,True,False,True,True
RELIANCE,SEARCH_FOLD_C,21,2017-01-23,2017-01-24,232.2176513671875,234.8235015869141,1,1,True,True,False,True,True
RELIANCE,SEARCH_FOLD_C,22,2017-02-09,2017-02-10,236.06927490234372,235.47496032714844,0,0,True,True,False,True,True
RELIANCE,SEARCH_FOLD_C,23,2017-03-01,2017-03-02,282.1859436035156,282.70025634765625,1,1,True,True,False,True,True
RELIANCE,SEARCH_FOLD_C,24,2017-03-20,2017-03-21,292.76934814453125,288.8834228515625,0,0,True,True,False,True,True
RELIANCE,SEARCH_FOLD_C,25,2017-04-07,2017-04-10,321.52508544921875,315.7533874511719,0,0,True,True,False,True,True
RELIANCE,SEARCH_FOLD_C,26,2017-04-26,2017-04-27,323.7766418457031,322.18798828125,0,0,True,True,False,True,True
RELIANCE,SEARCH_FOLD_C,27,2017-05-16,2017-05-17,310.0273742675781,309.2958984375,0,0,True,True,False,True,True
RELIANCE,SEARCH_FOLD_C,28,2017-06-01,2017-06-02,303.6156005859375,302.8155517578125,0,0,True,True,False,True,True
RELIANCE,SEARCH_FOLD_C,29,2017-06-19,2017-06-20,322.1308288574219,322.8394470214844,1,1,True,True,False,True,True
RELIANCE,SEARCH_FOLD_C,30,2017-07-07,2017-07-10,340.851806640625,341.2403869628906,1,1,True,True,False,True,True
RELIANCE,SEARCH_FOLD_C,31,2017-07-25,2017-07-26,366.22454833984375,370.933349609375,1,1,True,True,False,True,True
RELIANCE,SEARCH_FOLD_C,32,2017-08-11,2017-08-14,353.4467468261719,359.57275390625,1,1,True,True,False,True,True
RELIANCE,SEARCH_FOLD_C,33,2017-08-31,2017-09-01,364.4758911132813,368.0417785644531,1,1,True,True,False,True,True
RELIANCE,SEARCH_FOLD_C,34,2017-09-19,2017-09-20,383.3796997070313,387.2884826660156,1,1,True,True,False,True,True
RELIANCE,SEARCH_FOLD_C,35,2017-10-06,2017-10-09,382.6711120605469,379.7452392578125,0,0,True,True,False,True,True
RELIANCE,SEARCH_FOLD_C,36,2017-10-26,2017-10-27,433.1194152832031,425.09613037109375,0,0,True,True,False,True,True
RELIANCE,SEARCH_FOLD_C,37,2017-11-13,2017-11-14,400.1348571777344,405.3694152832031,1,1,True,True,False,True,True
RELIANCE,SEARCH_FOLD_C,38,2017-11-29,2017-11-30,432.4793701171875,421.3016662597656,0,0,True,True,False,True,True
RELIANCE,SEARCH_FOLD_C,39,2017-12-18,2017-12-19,421.0502014160156,423.3132019042969,1,1,True,True,False,True,True
RELIANCE,SEARCH_FOLD_C,40,2018-01-04,2018-01-05,420.7301940917969,422.0788269042969,1,1,True,True,False,True,True
RELIANCE,SEARCH_FOLD_C,41,2018-01-23,2018-01-24,449.5088195800781,441.78271484375,0,0,True,True,False,True,True
RELIANCE,SEARCH_FOLD_C,42,2018-02-09,2018-02-12,410.4668273925781,418.5357971191406,1,1,True,True,False,True,True
RELIANCE,SEARCH_FOLD_C,43,2018-03-01,2018-03-05,433.5765686035156,422.4674377441406,0,0,True,True,False,True,True
RELIANCE,SEARCH_FOLD_C,44,2018-03-20,2018-03-21,406.78662109375,410.0325012207031,1,1,True,True,False,True,True
RELIANCE,SEARCH_FOLD_C,45,2018-04-10,2018-04-11,419.2444152832031,425.5533142089844,1,1,True,True,False,True,True
RELIANCE,SEARCH_FOLD_C,46,2018-04-26,2018-04-27,445.897216796875,455.474853515625,1,1,True,True,False,True,True
RELIANCE,SEARCH_FOLD_C,47,2018-05-15,2018-05-16,447.5429992675781,437.1195983886719,0,0,True,True,False,True,True
RELIANCE,SEARCH_FOLD_C,48,2018-06-01,2018-06-04,425.4161682128906,430.1249694824219,1,1,True,True,False,True,True
RELIANCE,SEARCH_FOLD_C,49,2018-06-19,2018-06-20,455.3605651855469,465.966796875,1,1,True,True,False,True,True
RELIANCE,SEARCH_FOLD_C,50,2018-07-06,2018-07-09,446.9029846191406,455.840576171875,1,1,True,True,False,True,True
RELIANCE,SEARCH_FOLD_C,51,2018-07-24,2018-07-25,507.8889770507813,509.8090515136719,1,1,True,True,False,True,True
RELIANCE,SEARCH_FOLD_C,52,2018-08-10,2018-08-13,550.5197143554688,542.9765014648438,0,0,True,True,False,True,True
RELIANCE,SEARCH_FOLD_C,53,2018-08-30,2018-08-31,582.6356811523438,567.640625,0,0,True,True,False,True,True
RELIANCE,SEARCH_FOLD_C,54,2018-09-19,2018-09-21,553.51416015625,556.6000366210938,1,1,True,True,False,True,True
RELIANCE,SEARCH_FOLD_C,55,2018-10-09,2018-10-10,498.3341979980469,503.8430480957031,1,1,True,True,False,True,True
RELIANCE,SEARCH_FOLD_C,56,2018-10-26,2018-10-29,477.693115234375,497.3055725097656,1,1,True,True,False,True,True
RELIANCE,SEARCH_FOLD_C,57,2018-11-15,2018-11-16,501.4429321289063,515.4093627929688,1,1,True,True,False,True,True
RELIANCE,SEARCH_FOLD_C,58,2018-12-04,2018-12-05,526.7927856445312,528.095703125,1,1,True,True,False,True,True
RELIANCE,SEARCH_FOLD_C,59,2018-12-21,2018-12-24,502.9744262695313,497.9227294921875,0,0,True,True,False,True,True
RELIANCE,SEARCH_FOLD_C,60,2019-01-09,2019-01-10,507.7975158691406,506.3117370605469,0,0,True,True,False,True,True
RELIANCE,SEARCH_FOLD_C,61,2019-01-28,2019-01-29,562.10888671875,553.4684448242188,0,0,True,True,False,True,True
RELIANCE,SEARCH_FOLD_C,62,2019-02-14,2019-02-15,559.6630249023438,568.920654296875,1,1,True,True,False,True,True
RELIANCE,SEARCH_FOLD_C,63,2019-03-06,2019-03-07,578.2239990234375,580.715576171875,1,1,True,True,False,True,True
RELIANCE,SEARCH_FOLD_C,64,2019-03-25,2019-03-26,605.4939575195312,625.0607299804688,1,1,True,True,False,True,True
RELIANCE,SEARCH_FOLD_C,65,2019-04-11,2019-04-12,615.711669921875,614.0201416015625,0,0,True,True,False,True,True
RELIANCE,SEARCH_FOLD_C,66,2019-05-06,2019-05-07,633.1296997070312,614.2030029296875,0,0,True,True,False,True,True
RELIANCE,SEARCH_FOLD_C,67,2019-05-22,2019-05-23,612.7857666015625,609.814208984375,0,0,True,True,False,True,True
RELIANCE,SEARCH_FOLD_C,68,2019-06-11,2019-06-12,607.6426391601562,609.01416015625,1,1,True,True,False,True,True
RELIANCE,SEARCH_FOLD_C,69,2019-06-27,2019-06-28,582.49853515625,572.8751831054688,0,0,True,True,False,True,True
RELIANCE,SEARCH_FOLD_C,70,2019-07-16,2019-07-17,591.1160888671875,586.0186767578125,0,0,True,True,False,True,True
RELIANCE,SEARCH_FOLD_C,71,2019-08-01,2019-08-02,539.5706176757812,541.4449462890625,1,1,True,True,False,True,True
RELIANCE,SEARCH_FOLD_C,72,2019-08-22,2019-08-23,569.97216796875,583.2756958007812,1,1,True,True,False,True,True
RELIANCE,SEARCH_FOLD_C,73,2019-09-11,2019-09-12,564.326171875,553.331298828125,0,0,True,True,False,True,True
RELIANCE,SEARCH_FOLD_C,74,2019-09-27,2019-09-30,598.45361328125,609.0598754882812,1,1,True,True,False,True,True
RELIANCE,SEARCH_FOLD_C,75,2019-10-18,2019-10-22,647.507568359375,646.5018310546875,0,0,True,True,False,True,True
RELIANCE,SEARCH_FOLD_C,76,2019-11-06,2019-11-07,655.9879760742188,666.8228759765625,1,1,True,True,False,True,True
RELIANCE,SEARCH_FOLD_C,77,2019-11-26,2019-11-27,713.2938232421875,717.6826171875,1,1,True,True,False,True,True
RELIANCE,SEARCH_FOLD_C,78,2019-12-12,2019-12-13,716.9282836914062,723.6486206054688,1,1,True,True,False,True,True
RELIANCE,SEARCH_FOLD_C,79,2020-01-01,2020-01-02,690.1383056640625,701.8875122070312,1,1,True,True,False,True,True
RELIANCE,SEARCH_FOLD_C,80,2020-01-17,2020-01-20,722.780029296875,700.5388793945312,0,0,True,True,False,True,True
RELIANCE,SEARCH_FOLD_C,81,2020-02-05,2020-02-06,662.2054443359375,666.4570922851562,1,1,True,True,False,True,True
RELIANCE,SEARCH_FOLD_C,82,2020-02-24,2020-02-25,660.58251953125,647.5304565429688,0,0,True,True,False,True,True
RELIANCE,SEARCH_FOLD_C,83,2020-03-12,2020-03-13,485.96783447265625,505.3059692382813,1,1,True,True,False,True,True
RELIANCE,SEARCH_FOLD_C,84,2020-03-31,2020-04-01,509.1690368652344,493.9454040527344,0,0,True,True,False,True,True
RELIANCE,SEARCH_FOLD_C,85,2020-04-22,2020-04-23,623.3920288085938,626.7293701171875,1,1,True,True,False,True,True
RELIANCE,SEARCH_FOLD_C,86,2020-05-12,2020-05-13,676.2633056640625,690.6114501953125,1,1,True,True,False,True,True
RELIANCE,SEARCH_FOLD_C,87,2020-05-29,2020-06-01,675.8203735351562,701.6412963867188,1,1,True,True,False,True,True
RELIANCE,SEARCH_FOLD_C,88,2020-06-17,2020-06-18,745.4837646484375,764.1975708007812,1,1,True,True,False,True,True
RELIANCE,SEARCH_FOLD_C,89,2020-07-03,2020-07-06,825.1155395507812,854.6054077148438,1,1,True,True,False,True,True
RELIANCE,SEARCH_FOLD_C,90,2020-07-22,2020-07-23,924.845703125,949.6743774414062,1,1,True,True,False,True,True
RELIANCE,SEARCH_FOLD_C,91,2020-08-07,2020-08-10,990.5863037109376,978.3104248046876,0,0,True,True,False,True,True
RELIANCE,SEARCH_FOLD_C,92,2020-08-25,2020-08-26,960.8887939453124,986.3635864257812,1,1,True,True,False,True,True
RELIANCE,SEARCH_FOLD_C,93,2020-09-11,2020-09-14,1070.564208984375,1062.62646484375,0,0,True,True,False,True,True
RELIANCE,SEARCH_FOLD_C,94,2020-09-29,2020-09-30,1036.0902099609375,1031.1522216796875,0,0,True,True,False,True,True
RELIANCE,SEARCH_FOLD_C,95,2020-10-19,2020-10-20,1004.31591796875,994.947509765625,0,0,True,True,False,True,True
RELIANCE,SEARCH_FOLD_C,96,2020-11-04,2020-11-05,882.9414672851562,902.232177734375,1,1,True,True,False,True,True
RELIANCE,SEARCH_FOLD_C,97,2020-11-23,2020-11-24,900.2477416992188,906.4087524414062,1,1,True,True,False,True,True
RELIANCE,SEARCH_FOLD_C,98,2020-12-10,2020-12-11,926.2301635742188,925.6763916015624,0,0,True,True,False,True,True
RELIANCE,SEARCH_FOLD_C,99,2020-12-30,2020-12-31,920.9229125976562,916.2156372070312,0,0,True,True,False,True,True
TCS,SEARCH_FOLD_C,0,2016-01-01,2016-01-04,1208.199951171875,1184.800048828125,0,0,True,True,False,True,True
TCS,SEARCH_FOLD_C,1,2016-01-19,2016-01-20,1139.6500244140625,1140.050048828125,1,1,True,True,False,True,True
TCS,SEARCH_FOLD_C,2,2016-02-05,2016-02-08,1210.9749755859375,1181.4749755859375,0,0,True,True,False,True,True
TCS,SEARCH_FOLD_C,3,2016-02-24,2016-02-25,1105.4749755859375,1106.425048828125,1,1,True,True,False,True,True
TCS,SEARCH_FOLD_C,4,2016-03-14,2016-03-15,1177.5,1164.949951171875,0,0,True,True,False,True,True
TCS,SEARCH_FOLD_C,5,2016-04-04,2016-04-05,1235.625,1231.375,0,0,True,True,False,True,True
TCS,SEARCH_FOLD_C,6,2016-04-25,2016-04-26,1225.625,1244.9000244140625,1,1,True,True,False,True,True
TCS,SEARCH_FOLD_C,7,2016-05-12,2016-05-13,1283.0999755859375,1261.699951171875,0,0,True,True,False,True,True
TCS,SEARCH_FOLD_C,8,2016-05-30,2016-05-31,1318.199951171875,1284.699951171875,0,0,True,True,False,True,True
TCS,SEARCH_FOLD_C,9,2016-06-16,2016-06-17,1279.1500244140625,1301.300048828125,1,1,True,True,False,True,True
TCS,SEARCH_FOLD_C,10,2016-07-04,2016-07-05,1247.0999755859375,1242.6500244140625,0,0,True,True,False,True,True
TCS,SEARCH_FOLD_C,11,2016-07-21,2016-07-22,1253.0250244140625,1257.550048828125,1,1,True,True,False,True,True
TCS,SEARCH_FOLD_C,12,2016-08-09,2016-08-10,1325.0999755859375,1337.699951171875,1,1,True,True,False,True,True
TCS,SEARCH_FOLD_C,13,2016-08-26,2016-08-29,1262.4749755859375,1250.2750244140625,0,0,True,True,False,True,True
TCS,SEARCH_FOLD_C,14,2016-09-16,2016-09-19,1180.8499755859375,1205.7249755859375,1,1,True,True,False,True,True
TCS,SEARCH_FOLD_C,15,2016-10-04,2016-10-05,1202.574951171875,1193.175048828125,0,0,True,True,False,True,True
TCS,SEARCH_FOLD_C,16,2016-10-25,2016-10-26,1199.2249755859375,1198.125,0,0,True,True,False,True,True
TCS,SEARCH_FOLD_C,17,2016-11-11,2016-11-15,1050.574951171875,1060.6500244140625,1,1,True,True,False,True,True
TCS,SEARCH_FOLD_C,18,2016-12-01,2016-12-02,1131.7249755859375,1110.925048828125,0,0,True,True,False,True,True
TCS,SEARCH_FOLD_C,19,2016-12-19,2016-12-20,1144.449951171875,1169.6500244140625,1,1,True,True,False,True,True
TCS,SEARCH_FOLD_C,20,2017-01-04,2017-01-05,1189.75,1167.199951171875,0,0,True,True,False,True,True
TCS,SEARCH_FOLD_C,21,2017-01-23,2017-01-24,1153.3499755859375,1159.175048828125,1,1,True,True,False,True,True
TCS,SEARCH_FOLD_C,22,2017-02-09,2017-02-10,1158.6500244140625,1198.9749755859375,1,1,True,True,False,True,True
TCS,SEARCH_FOLD_C,23,2017-03-01,2017-03-02,1239.7750244140625,1250.7249755859375,1,1,True,True,False,True,True
TCS,SEARCH_FOLD_C,24,2017-03-20,2017-03-21,1240.0,1243.3499755859375,1,1,True,True,False,True,True
TCS,SEARCH_FOLD_C,25,2017-04-07,2017-04-10,1214.5250244140625,1211.125,0,0,True,True,False,True,True
TCS,SEARCH_FOLD_C,26,2017-04-26,2017-04-27,1155.175048828125,1151.324951171875,0,0,True,True,False,True,True
TCS,SEARCH_FOLD_C,27,2017-05-16,2017-05-17,1214.574951171875,1227.675048828125,1,1,True,True,False,True,True
TCS,SEARCH_FOLD_C,28,2017-06-01,2017-06-02,1276.800048828125,1282.449951171875,1,1,True,True,False,True,True
TCS,SEARCH_FOLD_C,29,2017-06-19,2017-06-20,1215.8499755859375,1222.5,1,1,True,True,False,True,True
TCS,SEARCH_FOLD_C,30,2017-07-07,2017-07-10,1165.9749755859375,1217.4749755859375,1,1,True,True,False,True,True
TCS,SEARCH_FOLD_C,31,2017-07-25,2017-07-26,1285.75,1278.0,0,0,True,True,False,True,True
TCS,SEARCH_FOLD_C,32,2017-08-11,2017-08-14,1248.0250244140625,1234.699951171875,0,0,True,True,False,True,True
TCS,SEARCH_FOLD_C,33,2017-08-31,2017-09-01,1248.175048828125,1228.2249755859375,0,0,True,True,False,True,True
TCS,SEARCH_FOLD_C,34,2017-09-19,2017-09-20,1249.125,1246.7750244140625,0,0,True,True,False,True,True
TCS,SEARCH_FOLD_C,35,2017-10-06,2017-10-09,1223.324951171875,1227.050048828125,1,1,True,True,False,True,True
TCS,SEARCH_FOLD_C,36,2017-10-26,2017-10-27,1269.425048828125,1292.1500244140625,1,1,True,True,False,True,True
TCS,SEARCH_FOLD_C,37,2017-11-13,2017-11-14,1379.4749755859375,1357.300048828125,0,0,True,True,False,True,True
TCS,SEARCH_FOLD_C,38,2017-11-29,2017-11-30,1329.074951171875,1318.5,0,0,True,True,False,True,True
TCS,SEARCH_FOLD_C,39,2017-12-18,2017-12-19,1290.25,1287.6500244140625,0,0,True,True,False,True,True
TCS,SEARCH_FOLD_C,40,2018-01-04,2018-01-05,1328.550048828125,1344.5999755859375,1,1,True,True,False,True,True
TCS,SEARCH_FOLD_C,41,2018-01-23,2018-01-24,1551.0,1587.300048828125,1,1,True,True,False,True,True
TCS,SEARCH_FOLD_C,42,2018-02-09,2018-02-12,1485.8499755859375,1483.6500244140625,0,0,True,True,False,True,True
TCS,SEARCH_FOLD_C,43,2018-03-01,2018-03-05,1518.8499755859375,1552.925048828125,1,1,True,True,False,True,True
TCS,SEARCH_FOLD_C,44,2018-03-20,2018-03-21,1432.425048828125,1428.375,0,0,True,True,False,True,True
TCS,SEARCH_FOLD_C,45,2018-04-10,2018-04-11,1468.800048828125,1507.074951171875,1,1,True,True,False,True,True
TCS,SEARCH_FOLD_C,46,2018-04-26,2018-04-27,1769.625,1725.9749755859375,0,0,True,True,False,True,True
TCS,SEARCH_FOLD_C,47,2018-05-15,2018-05-16,1741.199951171875,1746.949951171875,1,1,True,True,False,True,True
TCS,SEARCH_FOLD_C,48,2018-06-01,2018-06-04,1732.449951171875,1744.25,1,1,True,True,False,True,True
TCS,SEARCH_FOLD_C,49,2018-06-19,2018-06-20,1824.5,1822.449951171875,0,0,True,True,False,True,True
TCS,SEARCH_FOLD_C,50,2018-07-06,2018-07-09,1912.949951171875,1883.0,0,0,True,True,False,True,True
TCS,SEARCH_FOLD_C,51,2018-07-24,2018-07-25,1999.0,1981.5,0,0,True,True,False,True,True
TCS,SEARCH_FOLD_C,52,2018-08-10,2018-08-13,1993.0999755859373,2000.1500244140625,1,1,True,True,False,True,True
TCS,SEARCH_FOLD_C,53,2018-08-30,2018-08-31,2082.39990234375,2078.39990234375,0,0,True,True,False,True,True
TCS,SEARCH_FOLD_C,54,2018-09-19,2018-09-21,2077.89990234375,2103.14990234375,1,1,True,True,False,True,True
TCS,SEARCH_FOLD_C,55,2018-10-09,2018-10-10,2091.800048828125,2043.5999755859373,0,0,True,True,False,True,True
TCS,SEARCH_FOLD_C,56,2018-10-26,2018-10-29,1799.0999755859375,1871.0,1,1,True,True,False,True,True
TCS,SEARCH_FOLD_C,57,2018-11-15,2018-11-16,1872.8499755859373,1886.5999755859373,1,1,True,True,False,True,True
TCS,SEARCH_FOLD_C,58,2018-12-04,2018-12-05,2010.8499755859373,2006.75,0,0,True,True,False,True,True
TCS,SEARCH_FOLD_C,59,2018-12-21,2018-12-24,1895.800048828125,1918.5,1,1,True,True,False,True,True
TCS,SEARCH_FOLD_C,60,2019-01-09,2019-01-10,1886.949951171875,1888.550048828125,1,1,True,True,False,True,True
TCS,SEARCH_FOLD_C,61,2019-01-28,2019-01-29,1955.0,1982.75,1,1,True,True,False,True,True
TCS,SEARCH_FOLD_C,62,2019-02-14,2019-02-15,2044.5999755859373,2029.699951171875,0,0,True,True,False,True,True
TCS,SEARCH_FOLD_C,63,2019-03-06,2019-03-07,1999.5999755859373,2013.300048828125,1,1,True,True,False,True,True
TCS,SEARCH_FOLD_C,64,2019-03-25,2019-03-26,1984.25,1982.6500244140625,0,0,True,True,False,True,True
TCS,SEARCH_FOLD_C,65,2019-04-11,2019-04-12,2019.5,2014.5,0,0,True,True,False,True,True
TCS,SEARCH_FOLD_C,66,2019-05-06,2019-05-07,2157.85009765625,2151.949951171875,0,0,True,True,False,True,True
TCS,SEARCH_FOLD_C,67,2019-05-22,2019-05-23,2081.75,2054.050048828125,0,0,True,True,False,True,True
TCS,SEARCH_FOLD_C,68,2019-06-11,2019-06-12,2252.800048828125,2260.89990234375,1,1,True,True,False,True,True
TCS,SEARCH_FOLD_C,69,2019-06-27,2019-06-28,2252.550048828125,2227.199951171875,0,0,True,True,False,True,True
TCS,SEARCH_FOLD_C,70,2019-07-16,2019-07-17,2106.0,2117.25,1,1,True,True,False,True,True
TCS,SEARCH_FOLD_C,71,2019-08-01,2019-08-02,2180.050048828125,2205.300048828125,1,1,True,True,False,True,True
TCS,SEARCH_FOLD_C,72,2019-08-22,2019-08-23,2216.0,2247.699951171875,1,1,True,True,False,True,True
TCS,SEARCH_FOLD_C,73,2019-09-11,2019-09-12,2154.0,2133.60009765625,0,0,True,True,False,True,True
TCS,SEARCH_FOLD_C,74,2019-09-27,2019-09-30,2056.14990234375,2099.300048828125,1,1,True,True,False,True,True
TCS,SEARCH_FOLD_C,75,2019-10-18,2019-10-22,2057.35009765625,2051.39990234375,0,0,True,True,False,True,True
TCS,SEARCH_FOLD_C,76,2019-11-06,2019-11-07,2188.5,2185.35009765625,0,0,True,True,False,True,True
TCS,SEARCH_FOLD_C,77,2019-11-26,2019-11-27,2046.6500244140625,2054.300048828125,1,1,True,True,False,True,True
TCS,SEARCH_FOLD_C,78,2019-12-12,2019-12-13,2020.9000244140625,2071.25,1,1,True,True,False,True,True
TCS,SEARCH_FOLD_C,79,2020-01-01,2020-01-02,2167.60009765625,2157.64990234375,0,0,True,True,False,True,True
TCS,SEARCH_FOLD_C,80,2020-01-17,2020-01-20,2219.10009765625,2170.35009765625,0,0,True,True,False,True,True
TCS,SEARCH_FOLD_C,81,2020-02-05,2020-02-06,2146.550048828125,2128.35009765625,0,0,True,True,False,True,True
TCS,SEARCH_FOLD_C,82,2020-02-24,2020-02-25,2115.35009765625,2156.14990234375,1,1,True,True,False,True,True
TCS,SEARCH_FOLD_C,83,2020-03-12,2020-03-13,1769.8499755859375,1806.300048828125,1,1,True,True,False,True,True
TCS,SEARCH_FOLD_C,84,2020-03-31,2020-04-01,1826.0999755859373,1708.75,0,0,True,True,False,True,True
TCS,SEARCH_FOLD_C,85,2020-04-22,2020-04-23,1769.5,1878.25,1,1,True,True,False,True,True
TCS,SEARCH_FOLD_C,86,2020-05-12,2020-05-13,1949.5,1949.6500244140625,1,1,True,True,False,True,True
TCS,SEARCH_FOLD_C,87,2020-05-29,2020-06-01,1972.3499755859373,2045.25,1,1,True,True,False,True,True
TCS,SEARCH_FOLD_C,88,2020-06-17,2020-06-18,2047.800048828125,2038.0999755859373,0,0,True,True,False,True,True
TCS,SEARCH_FOLD_C,89,2020-07-03,2020-07-06,2199.64990234375,2263.199951171875,1,1,True,True,False,True,True
TCS,SEARCH_FOLD_C,90,2020-07-22,2020-07-23,2190.949951171875,2171.199951171875,0,0,True,True,False,True,True
TCS,SEARCH_FOLD_C,91,2020-08-07,2020-08-10,2295.35009765625,2282.800048828125,0,0,True,True,False,True,True
TCS,SEARCH_FOLD_C,92,2020-08-25,2020-08-26,2242.64990234375,2253.5,1,1,True,True,False,True,True
TCS,SEARCH_FOLD_C,93,2020-09-11,2020-09-14,2374.10009765625,2491.39990234375,1,1,True,True,False,True,True
TCS,SEARCH_FOLD_C,94,2020-09-29,2020-09-30,2488.39990234375,2492.300048828125,1,1,True,True,False,True,True
TCS,SEARCH_FOLD_C,95,2020-10-19,2020-10-20,2711.550048828125,2739.0,1,1,True,True,False,True,True
TCS,SEARCH_FOLD_C,96,2020-11-04,2020-11-05,2653.14990234375,2685.699951171875,1,1,True,True,False,True,True
TCS,SEARCH_FOLD_C,97,2020-11-23,2020-11-24,2724.25,2722.050048828125,0,0,True,True,False,True,True
TCS,SEARCH_FOLD_C,98,2020-12-10,2020-12-11,2784.300048828125,2783.60009765625,0,0,True,True,False,True,True
TCS,SEARCH_FOLD_C,99,2020-12-30,2020-12-31,2909.300048828125,2862.75,0,0,True,True,False,True,True
INFY,SEARCH_FOLD_C,0,2016-01-01,2016-01-04,552.625,539.4500122070312,0,0,True,True,False,True,True
INFY,SEARCH_FOLD_C,1,2016-01-19,2016-01-20,569.8250122070312,560.625,0,0,True,True,False,True,True
INFY,SEARCH_FOLD_C,2,2016-02-05,2016-02-08,587.3499755859375,575.4000244140625,0,0,True,True,False,True,True
INFY,SEARCH_FOLD_C,3,2016-02-24,2016-02-25,562.6749877929688,555.1500244140625,0,0,True,True,False,True,True
INFY,SEARCH_FOLD_C,4,2016-03-14,2016-03-15,570.5999755859375,567.2000122070312,0,0,True,True,False,True,True
INFY,SEARCH_FOLD_C,5,2016-04-04,2016-04-05,621.8499755859375,609.9000244140625,0,0,True,True,False,True,True
INFY,SEARCH_FOLD_C,6,2016-04-25,2016-04-26,607.9249877929688,616.0750122070312,1,1,True,True,False,True,True
INFY,SEARCH_FOLD_C,7,2016-05-12,2016-05-13,605.0,603.625,0,0,True,True,False,True,True
INFY,SEARCH_FOLD_C,8,2016-05-30,2016-05-31,633.7999877929688,624.3250122070312,0,0,True,True,False,True,True
INFY,SEARCH_FOLD_C,9,2016-06-16,2016-06-17,593.0,589.75,0,0,True,True,False,True,True
INFY,SEARCH_FOLD_C,10,2016-07-04,2016-07-05,591.9749755859375,587.7249755859375,0,0,True,True,False,True,True
INFY,SEARCH_FOLD_C,11,2016-07-21,2016-07-22,539.9500122070312,536.2249755859375,0,0,True,True,False,True,True
INFY,SEARCH_FOLD_C,12,2016-08-09,2016-08-10,541.7000122070312,541.1749877929688,0,0,True,True,False,True,True
INFY,SEARCH_FOLD_C,13,2016-08-26,2016-08-29,510.125,511.3999938964844,1,1,True,True,False,True,True
INFY,SEARCH_FOLD_C,14,2016-09-16,2016-09-19,530.0750122070312,530.5999755859375,1,1,True,True,False,True,True
INFY,SEARCH_FOLD_C,15,2016-10-04,2016-10-05,524.5999755859375,520.75,0,0,True,True,False,True,True
INFY,SEARCH_FOLD_C,16,2016-10-25,2016-10-26,508.6000061035156,507.1000061035156,0,0,True,True,False,True,True
INFY,SEARCH_FOLD_C,17,2016-11-11,2016-11-15,460.7749938964844,461.7749938964844,1,1,True,True,False,True,True
INFY,SEARCH_FOLD_C,18,2016-12-01,2016-12-02,487.7999877929688,482.25,0,0,True,True,False,True,True
INFY,SEARCH_FOLD_C,19,2016-12-19,2016-12-20,502.3250122070313,506.0750122070313,1,1,True,True,False,True,True
INFY,SEARCH_FOLD_C,20,2017-01-04,2017-01-05,498.875,498.0750122070313,0,0,True,True,False,True,True
INFY,SEARCH_FOLD_C,21,2017-01-23,2017-01-24,476.3500061035156,472.7749938964844,0,0,True,True,False,True,True
INFY,SEARCH_FOLD_C,22,2017-02-09,2017-02-10,473.0,484.1499938964844,1,1,True,True,False,True,True
INFY,SEARCH_FOLD_C,23,2017-03-01,2017-03-02,512.5750122070312,511.6499938964844,0,0,True,True,False,True,True
INFY,SEARCH_FOLD_C,24,2017-03-20,2017-03-21,510.75,516.4249877929688,1,1,True,True,False,True,True
INFY,SEARCH_FOLD_C,25,2017-04-07,2017-04-10,490.7749938964844,476.7000122070313,0,0,True,True,False,True,True
INFY,SEARCH_FOLD_C,26,2017-04-26,2017-04-27,457.125,462.625,1,1,True,True,False,True,True
INFY,SEARCH_FOLD_C,27,2017-05-16,2017-05-17,477.5,476.3999938964844,0,0,True,True,False,True,True
INFY,SEARCH_FOLD_C,28,2017-06-01,2017-06-02,485.7000122070313,484.7250061035156,0,0,True,True,False,True,True
INFY,SEARCH_FOLD_C,29,2017-06-19,2017-06-20,464.9249877929688,471.7749938964844,1,1,True,True,False,True,True
INFY,SEARCH_FOLD_C,30,2017-07-07,2017-07-10,467.7000122070313,478.5249938964844,1,1,True,True,False,True,True
INFY,SEARCH_FOLD_C,31,2017-07-25,2017-07-26,496.9249877929688,497.0249938964844,1,1,True,True,False,True,True
INFY,SEARCH_FOLD_C,32,2017-08-11,2017-08-14,493.8500061035156,490.7250061035156,0,0,True,True,False,True,True
INFY,SEARCH_FOLD_C,33,2017-08-31,2017-09-01,457.4750061035156,459.9750061035156,1,1,True,True,False,True,True
INFY,SEARCH_FOLD_C,34,2017-09-19,2017-09-20,456.125,456.3500061035156,1,1,True,True,False,True,True
INFY,SEARCH_FOLD_C,35,2017-10-06,2017-10-09,460.0750122070313,461.9500122070313,1,1,True,True,False,True,True
INFY,SEARCH_FOLD_C,36,2017-10-26,2017-10-27,473.6749877929688,473.1749877929688,0,0,True,True,False,True,True
INFY,SEARCH_FOLD_C,37,2017-11-13,2017-11-14,475.9750061035156,474.5499877929688,0,0,True,True,False,True,True
INFY,SEARCH_FOLD_C,38,2017-11-29,2017-11-30,491.3500061035156,488.0499877929688,0,0,True,True,False,True,True
INFY,SEARCH_FOLD_C,39,2017-12-18,2017-12-19,508.2999877929688,501.9750061035156,0,0,True,True,False,True,True
INFY,SEARCH_FOLD_C,40,2018-01-04,2018-01-05,507.7000122070313,506.0,0,0,True,True,False,True,True
INFY,SEARCH_FOLD_C,41,2018-01-23,2018-01-24,588.5499877929688,592.9000244140625,1,1,True,True,False,True,True
INFY,SEARCH_FOLD_C,42,2018-02-09,2018-02-12,554.5750122070312,551.4000244140625,0,0,True,True,False,True,True
INFY,SEARCH_FOLD_C,43,2018-03-01,2018-03-05,580.375,577.9500122070312,0,0,True,True,False,True,True
INFY,SEARCH_FOLD_C,44,2018-03-20,2018-03-21,582.2750244140625,583.75,1,1,True,True,False,True,True
INFY,SEARCH_FOLD_C,45,2018-04-10,2018-04-11,556.7000122070312,562.125,1,1,True,True,False,True,True
INFY,SEARCH_FOLD_C,46,2018-04-26,2018-04-27,588.2249755859375,592.5999755859375,1,1,True,True,False,True,True
INFY,SEARCH_FOLD_C,47,2018-05-15,2018-05-16,597.2750244140625,594.9749755859375,0,0,True,True,False,True,True
INFY,SEARCH_FOLD_C,48,2018-06-01,2018-06-04,610.4000244140625,619.7000122070312,1,1,True,True,False,True,True
INFY,SEARCH_FOLD_C,49,2018-06-19,2018-06-20,620.7999877929688,621.5750122070312,1,1,True,True,False,True,True
INFY,SEARCH_FOLD_C,50,2018-07-06,2018-07-09,642.125,649.4249877929688,1,1,True,True,False,True,True
INFY,SEARCH_FOLD_C,51,2018-07-24,2018-07-25,688.5750122070312,691.875,1,1,True,True,False,True,True
INFY,SEARCH_FOLD_C,52,2018-08-10,2018-08-13,692.7249755859375,704.375,1,1,True,True,False,True,True
INFY,SEARCH_FOLD_C,53,2018-08-30,2018-08-31,708.0999755859375,720.5499877929688,1,1,True,True,False,True,True
INFY,SEARCH_FOLD_C,54,2018-09-19,2018-09-21,719.75,705.2999877929688,0,0,True,True,False,True,True
INFY,SEARCH_FOLD_C,55,2018-10-09,2018-10-10,717.75,700.4500122070312,0,0,True,True,False,True,True
INFY,SEARCH_FOLD_C,56,2018-10-26,2018-10-29,633.5999755859375,644.75,1,1,True,True,False,True,True
INFY,SEARCH_FOLD_C,57,2018-11-15,2018-11-16,656.4000244140625,650.8499755859375,0,0,True,True,False,True,True
INFY,SEARCH_FOLD_C,58,2018-12-04,2018-12-05,685.25,681.4000244140625,0,0,True,True,False,True,True
INFY,SEARCH_FOLD_C,59,2018-12-21,2018-12-24,646.2000122070312,649.0,1,1,True,True,False,True,True
INFY,SEARCH_FOLD_C,60,2019-01-09,2019-01-10,676.0999755859375,679.7000122070312,1,1,True,True,False,True,True
INFY,SEARCH_FOLD_C,61,2019-01-28,2019-01-29,727.9500122070312,727.9000244140625,0,0,True,True,False,True,True
INFY,SEARCH_FOLD_C,62,2019-02-14,2019-02-15,740.0499877929688,741.9500122070312,1,1,True,True,False,True,True
INFY,SEARCH_FOLD_C,63,2019-03-06,2019-03-07,732.5,722.9500122070312,0,0,True,True,False,True,True
INFY,SEARCH_FOLD_C,64,2019-03-25,2019-03-26,735.25,727.75,0,0,True,True,False,True,True
INFY,SEARCH_FOLD_C,65,2019-04-11,2019-04-12,742.7000122070312,747.75,1,1,True,True,False,True,True
INFY,SEARCH_FOLD_C,66,2019-05-06,2019-05-07,718.4000244140625,724.5499877929688,1,1,True,True,False,True,True
INFY,SEARCH_FOLD_C,67,2019-05-22,2019-05-23,709.75,701.0499877929688,0,0,True,True,False,True,True
INFY,SEARCH_FOLD_C,68,2019-06-11,2019-06-12,754.9000244140625,753.7999877929688,0,0,True,True,False,True,True
INFY,SEARCH_FOLD_C,69,2019-06-27,2019-06-28,730.5499877929688,732.0,1,1,True,True,False,True,True
INFY,SEARCH_FOLD_C,70,2019-07-16,2019-07-17,784.8499755859375,794.1500244140625,1,1,True,True,False,True,True
INFY,SEARCH_FOLD_C,71,2019-08-01,2019-08-02,768.8499755859375,775.5999755859375,1,1,True,True,False,True,True
INFY,SEARCH_FOLD_C,72,2019-08-22,2019-08-23,795.7000122070312,802.2000122070312,1,1,True,True,False,True,True
INFY,SEARCH_FOLD_C,73,2019-09-11,2019-09-12,820.0999755859375,816.4000244140625,0,0,True,True,False,True,True
INFY,SEARCH_FOLD_C,74,2019-09-27,2019-09-30,782.2000122070312,805.6500244140625,1,1,True,True,False,True,True
INFY,SEARCH_FOLD_C,75,2019-10-18,2019-10-22,767.8499755859375,643.5499877929688,0,0,True,True,False,True,True
INFY,SEARCH_FOLD_C,76,2019-11-06,2019-11-07,712.2999877929688,720.0999755859375,1,1,True,True,False,True,True
INFY,SEARCH_FOLD_C,77,2019-11-26,2019-11-27,690.5999755859375,695.75,1,1,True,True,False,True,True
INFY,SEARCH_FOLD_C,78,2019-12-12,2019-12-13,702.0999755859375,711.2999877929688,1,1,True,True,False,True,True
INFY,SEARCH_FOLD_C,79,2020-01-01,2020-01-02,736.8499755859375,734.7000122070312,0,0,True,True,False,True,True
INFY,SEARCH_FOLD_C,80,2020-01-17,2020-01-20,767.8499755859375,768.4500122070312,1,1,True,True,False,True,True
INFY,SEARCH_FOLD_C,81,2020-02-05,2020-02-06,784.5499877929688,771.3499755859375,0,0,True,True,False,True,True
INFY,SEARCH_FOLD_C,82,2020-02-24,2020-02-25,795.8499755859375,798.4000244140625,1,1,True,True,False,True,True
INFY,SEARCH_FOLD_C,83,2020-03-12,2020-03-13,631.2000122070312,642.3499755859375,1,1,True,True,False,True,True
INFY,SEARCH_FOLD_C,84,2020-03-31,2020-04-01,641.5,602.7999877929688,0,0,True,True,False,True,True
INFY,SEARCH_FOLD_C,85,2020-04-22,2020-04-23,641.8499755859375,679.2999877929688,1,1,True,True,False,True,True
INFY,SEARCH_FOLD_C,86,2020-05-12,2020-05-13,687.6500244140625,694.1500244140625,1,1,True,True,False,True,True
INFY,SEARCH_FOLD_C,87,2020-05-29,2020-06-01,691.0,699.5499877929688,1,1,True,True,False,True,True
INFY,SEARCH_FOLD_C,88,2020-06-17,2020-06-18,703.6500244140625,713.9000244140625,1,1,True,True,False,True,True
INFY,SEARCH_FOLD_C,89,2020-07-03,2020-07-06,762.7000122070312,764.0,1,1,True,True,False,True,True
INFY,SEARCH_FOLD_C,90,2020-07-22,2020-07-23,917.9000244140624,907.9500122070312,0,0,True,True,False,True,True
INFY,SEARCH_FOLD_C,91,2020-08-07,2020-08-10,950.9000244140624,951.3499755859376,1,1,True,True,False,True,True
INFY,SEARCH_FOLD_C,92,2020-08-25,2020-08-26,938.0999755859376,950.7999877929688,1,1,True,True,False,True,True
INFY,SEARCH_FOLD_C,93,2020-09-11,2020-09-14,945.7000122070312,978.4000244140624,1,1,True,True,False,True,True
INFY,SEARCH_FOLD_C,94,2020-09-29,2020-09-30,1009.0,1008.25,0,0,True,True,False,True,True
INFY,SEARCH_FOLD_C,95,2020-10-19,2020-10-20,1125.9000244140625,1137.5,1,1,True,True,False,True,True
INFY,SEARCH_FOLD_C,96,2020-11-04,2020-11-05,1093.949951171875,1104.0,1,1,True,True,False,True,True
INFY,SEARCH_FOLD_C,97,2020-11-23,2020-11-24,1139.8499755859375,1140.050048828125,1,1,True,True,False,True,True
INFY,SEARCH_FOLD_C,98,2020-12-10,2020-12-11,1167.75,1163.199951171875,0,0,True,True,False,True,True
INFY,SEARCH_FOLD_C,99,2020-12-30,2020-12-31,1246.800048828125,1255.800048828125,1,1,True,True,False,True,True
