requested_ticker,discovered_symbol,available,source_file,source_start,source_end,fold_0_available,fold_1_available,reason
RELIANCE,RELIANCE,True,RELIANCE_minute.csv,2015-02-02,2026-04-08,True,True,
TCS,TCS,True,TCS_minute.csv,2015-02-02,2026-04-08,True,True,
HDFCBANK,HDFCBANK,True,HDFCBANK_minute.csv,2015-02-02,2026-04-08,True,True,
INFY,INFY,True,INFY_minute.csv,2015-02-02,2026-04-08,True,True,
ICICIBANK,ICICIBANK,True,ICICIBANK_minute.csv,2015-02-02,2026-04-08,True,True,
HINDUNILVR,HINDUNILVR,True,HINDUNILVR_minute.csv,2015-02-02,2026-04-08,True,True,
ITC,ITC,True,ITC_minute.csv,2015-02-02,2026-04-08,True,True,
SBIN,SBIN,True,SBIN_minute.csv,2015-02-02,2026-04-08,True,True,
BAJFINANCE,BAJFINANCE,True,BAJFINANCE_minute.csv,2015-02-02,2026-04-08,True,True,
KOTAKBANK,KOTAKBANK,True,KOTAKBANK_minute.csv,2015-02-02,2026-04-08,True,True,
LT,LT,True,LT_minute.csv,2015-02-02,2026-04-08,True,True,
BHARTIARTL,BHARTIARTL,True,BHARTIARTL_minute.csv,2015-02-02,2026-04-08,True,True,
AXISBANK,AXISBANK,True,AXISBANK_minute.csv,2015-02-02,2026-04-08,True,True,
MARUTI,MARUTI,True,MARUTI_minute.csv,2015-02-02,2026-04-08,True,True,
SUNPHARMA,SUNPHARMA,True,SUNPHARMA_minute.csv,2015-02-02,2026-04-08,True,True,
TITAN,TITAN,True,TITAN_minute.csv,2015-02-02,2026-04-08,True,True,
ULTRACEMCO,ULTRACEMCO,True,ULTRACEMCO_minute.csv,2015-02-02,2026-04-08,True,True,
ASIANPAINT,ASIANPAINT,True,ASIANPAINT_minute.csv,2015-02-02,2026-04-08,True,True,
NTPC,NTPC,True,NTPC_minute.csv,2015-02-02,2026-04-08,True,True,
NESTLEIND,NESTLEIND,True,NESTLEIND_minute.csv,2015-02-02,2026-04-08,True,True,
POWERGRID,POWERGRID,True,POWERGRID_minute.csv,2015-02-02,2026-04-08,True,True,
M&M,MM,True,MM_minute.csv,2015-02-02,2026-01-23,True,True,
TATASTEEL,TATASTEEL,True,TATASTEEL_minute.csv,2015-02-02,2026-04-08,True,True,
ADANIENT,ADANIENT,True,ADANIENT_minute.csv,2015-02-02,2026-04-08,True,True,
HCLTECH,HCLTECH,True,HCLTECH_minute.csv,2015-02-02,2026-04-08,True,True,
ONGC,ONGC,True,ONGC_minute.csv,2015-02-02,2026-04-08,True,True,
COALINDIA,COALINDIA,True,COALINDIA_minute.csv,2015-02-02,2026-04-08,True,True,
WIPRO,WIPRO,True,WIPRO_minute.csv,2015-02-02,2026-04-08,True,True,
TECHM,TECHM,True,TECHM_minute.csv,2015-02-02,2026-04-08,True,True,
INDUSINDBK,INDUSINDBK,True,INDUSINDBK_minute.csv,2015-02-02,2026-04-08,True,True,
SBILIFE,SBILIFE,True,SBILIFE_minute.csv,2015-02-02,2026-04-08,True,True,
HINDALCO,HINDALCO,True,HINDALCO_minute.csv,2015-02-02,2026-04-08,True,True,
CIPLA,CIPLA,True,CIPLA_minute.csv,2015-02-02,2026-04-08,True,True,
DRREDDY,DRREDDY,True,DRREDDY_minute.csv,2015-02-02,2026-04-08,True,True,
EICHERMOT,EICHERMOT,True,EICHERMOT_minute.csv,2015-02-02,2026-04-08,True,True,
BRITANNIA,BRITANNIA,True,BRITANNIA_minute.csv,2015-02-02,2026-04-08,True,True,
DIVISLAB,DIVISLAB,True,DIVISLAB_minute.csv,2015-02-02,2026-04-08,True,True,
GRASIM,GRASIM,True,GRASIM_minute.csv,2015-02-02,2026-04-08,True,True,
HEROMOTOCO,HEROMOTOCO,True,HEROMOTOCO_minute.csv,2015-02-02,2026-04-08,True,True,
BAJAJFINSV,BAJAJFINSV,True,BAJAJFINSV_minute.csv,2015-02-02,2026-04-08,True,True,
APOLLOHOSP,APOLLOHOSP,True,APOLLOHOSP_minute.csv,2015-02-02,2026-04-08,True,True,
TATACONSUM,TATACONSUM,True,TATACONSUM_minute.csv,2015-02-02,2026-04-08,True,True,
SHRIRAMFIN,SHRIRAMFIN,True,SHRIRAMFIN_minute.csv,2015-02-02,2026-04-08,True,True,
BAJAJ-AUTO,BAJAJ-AUTO,True,BAJAJ-AUTO_minute.csv,2015-02-02,2026-04-08,True,True,
TRENT,TRENT,True,TRENT_minute.csv,2015-02-02,2026-04-08,True,True,
INDIGO,INDIGO,True,INDIGO_minute.csv,2015-11-10,2026-04-08,True,True,
JSWSTEEL,JSWSTEEL,True,JSWSTEEL_minute.csv,2015-02-02,2026-04-08,True,True,
BPCL,BPCL,True,BPCL_minute.csv,2015-02-02,2026-04-08,True,True,
UPL,UPL,True,UPL_minute.csv,2015-02-02,2026-04-08,True,True,
ZOMATO,,False,,,,False,False,not present in the downloaded dataset (listed in configs/nifty50.yaml known_unavailable)
