ticker,raw_first_date,first_usable_sample,train_samples_through_2016,samples_2017,samples_2018,samples_2019,eligible,exclusion_reason,sector
ADANIENT,2002-09-04,2003-02-18,3444,248,246,242,True,,ENERGY_AND_MATERIALS
ADANIPORTS,2007-11-27,2016-02-09,219,248,246,242,False,A/B: only 219 usable TRAIN samples through 2016-12-31 (need 1000),SERVICES_AND_CONSTRUCTION
APOLLOHOSP,2002-07-01,2002-12-13,3487,248,246,242,True,,HEALTHCARE
ASIANPAINT,2002-07-01,2002-12-13,3487,248,246,242,True,,CONSUMER
AXISBANK,2000-01-03,2000-06-16,4137,248,246,242,True,,FINANCIALS
BAJAJ-AUTO,2002-07-01,2002-12-13,3408,248,246,242,True,,INDUSTRIALS
BAJAJFINSV,2002-08-12,2003-01-24,3455,248,246,242,True,,FINANCIALS
BAJFINANCE,2002-07-01,2002-12-13,3487,248,246,242,True,,FINANCIALS
BEL,2002-07-01,2002-12-13,3487,248,246,242,True,,INDUSTRIALS
BHARTIARTL,2002-07-01,2002-12-13,3487,248,246,242,True,,IT_AND_TELECOM
CIPLA,2000-01-03,2000-06-16,4021,248,246,242,True,,HEALTHCARE
COALINDIA,2010-11-04,2011-05-02,1394,248,246,242,True,,ENERGY_AND_MATERIALS
DRREDDY,2000-01-03,2000-06-16,4137,248,246,242,True,,HEALTHCARE
EICHERMOT,2000-01-03,2000-06-16,4137,248,246,242,True,,INDUSTRIALS
GRASIM,2002-07-01,2002-12-13,3487,248,246,242,True,,INDUSTRIALS
HCLTECH,2002-08-12,2003-01-24,3286,248,246,242,True,,IT_AND_TELECOM
HDFCBANK,2000-01-03,2000-06-16,4143,248,246,242,True,,FINANCIALS
HDFCLIFE,2017-11-17,2018-05-14,0,0,157,242,False,A/B: only 0 usable TRAIN samples through 2016-12-31 (need 1000); C: only 0 samples in 2017 (need 180); D: only 157 samples in 2018 (need 180),FINANCIALS
HINDALCO,2000-01-03,2000-06-16,4143,248,246,242,True,,ENERGY_AND_MATERIALS
HINDUNILVR,2000-01-03,2000-06-16,4143,248,246,242,True,,CONSUMER
ICICIBANK,2002-07-01,2002-12-13,3487,248,246,242,True,,FINANCIALS
INDIGO,2015-11-10,2016-05-10,160,248,246,242,False,A/B: only 160 usable TRAIN samples through 2016-12-31 (need 1000),SERVICES_AND_CONSTRUCTION
INFY,2000-01-03,2002-11-04,3462,248,246,242,True,,IT_AND_TELECOM
ITC,2000-01-03,2000-06-16,4137,248,246,242,True,,CONSUMER
JSWSTEEL,2003-05-08,2003-10-22,3208,248,246,242,True,,ENERGY_AND_MATERIALS
KOTAKBANK,2001-07-02,2001-12-14,3751,248,246,242,True,,FINANCIALS
LT,2002-07-01,2016-02-09,219,248,246,242,False,A/B: only 219 usable TRAIN samples through 2016-12-31 (need 1000),SERVICES_AND_CONSTRUCTION
M&M,2000-01-03,2000-06-16,4139,248,246,242,True,,INDUSTRIALS
MARUTI,2003-07-09,2003-12-23,3226,248,246,242,True,,INDUSTRIALS
NESTLEIND,2002-08-12,2003-01-24,1720,248,246,242,True,,CONSUMER
NTPC,2004-11-05,2005-04-27,2879,248,246,242,True,,ENERGY_AND_MATERIALS
ONGC,2000-01-03,2000-06-16,4137,248,246,242,True,,ENERGY_AND_MATERIALS
POWERGRID,2007-10-05,2008-03-28,2152,248,246,242,True,,ENERGY_AND_MATERIALS
RELIANCE,2000-01-03,2000-06-16,4137,248,246,242,True,,ENERGY_AND_MATERIALS
SBILIFE,2017-10-03,2018-03-26,0,0,189,242,False,A/B: only 0 usable TRAIN samples through 2016-12-31 (need 1000); C: only 0 samples in 2017 (need 180),FINANCIALS
SBIN,2000-01-03,2000-06-16,4139,248,246,242,True,,FINANCIALS
SHRIRAMFIN,2002-07-01,2002-12-13,3493,248,246,242,True,,FINANCIALS
SUNPHARMA,2000-01-03,2000-06-16,3944,248,246,242,True,,HEALTHCARE
TATACONSUM,2000-01-03,2000-06-16,4137,248,246,242,True,,CONSUMER
TATASTEEL,2000-01-03,2000-06-16,4143,248,246,242,True,,ENERGY_AND_MATERIALS
TCS,2002-08-12,2003-01-24,3133,248,246,242,True,,IT_AND_TELECOM
TECHM,2006-08-28,2007-02-21,2427,248,246,242,True,,IT_AND_TELECOM
TITAN,2000-01-03,2000-06-16,4143,248,246,242,True,,CONSUMER
TMPV,2000-01-03,2000-06-16,4143,248,246,242,True,,INDUSTRIALS
TRENT,2002-07-01,2002-12-13,3487,248,246,242,True,,CONSUMER
ULTRACEMCO,2002-08-12,2003-01-24,3457,248,246,242,True,,INDUSTRIALS
WIPRO,2000-01-03,,0,0,0,0,False,"A-F: no usable supervised sample at all (insufficient causal history, or no sector peer for the leave-one-out sector context)",UNKNOWN
