experiment_id,timestamp,experiment_dir,horizon,objective_id,model,fold,seed,n_train,n_validation,n_tickers,accuracy,macro_accuracy,balanced_accuracy,f1,roc_auc,brier,ece,train_majority_baseline,baseline_delta,non_overlap_accuracy,non_overlap_auc,common_origin_accuracy,common_origin_auc,config_sha256,target_schema_sha256,2019_lockbox_evaluated,post_2019_evaluated
MH-20261004T082447-541c08,2026-10-04T08:24:47.873100+00:00,/home/iemiedc2026/Documents/Sanket/Research/output/agentic-forecaster/v2/multi_horizon/MH-20261004T082447-541c08,1,ABS_DIR_1D_CONTROL,LOGISTIC,MH_DEV_2014,42,90927,10206,42,0.5191064079952968,0.519106407995297,0.5138578848844195,0.5889447236180905,0.5217163579355388,0.24955721620961593,0.013870850844774404,0.5020730916009546,0.017033316394342246,0.5191064079952968,0.5217163579355388,0.5171957671957672,0.5203661578718703,2580e379b824e0d0cfe0e540d7554f5e273cd104e3dbf52d5c3f9b12e9bf341b,8256cca11e82983747dbc2955ad5b45ae5ec20cf4f3d915980da73805dbf3668,false,false
MH-20261004T082450-890667,2026-10-04T08:24:50.953603+00:00,/home/iemiedc2026/Documents/Sanket/Research/output/agentic-forecaster/v2/multi_horizon/MH-20261004T082450-890667,1,ABS_DIR_1D_CONTROL,LOGISTIC,MH_DEV_2015,42,101175,10290,42,0.49854227405247814,0.49854227405247803,0.4986400411227055,0.5992544268406338,0.5030152029270045,0.2500794770180935,0.012568808044316527,0.5035927847788485,-0.005050510726370361,0.49854227405247814,0.5030152029270045,0.49868845843422116,0.5056839279258152,2580e379b824e0d0cfe0e540d7554f5e273cd104e3dbf52d5c3f9b12e9bf341b,8256cca11e82983747dbc2955ad5b45ae5ec20cf4f3d915980da73805dbf3668,false,false
MH-20261004T082454-49e460,2026-10-04T08:24:54.338080+00:00,/home/iemiedc2026/Documents/Sanket/Research/output/agentic-forecaster/v2/multi_horizon/MH-20261004T082454-49e460,1,ABS_DIR_1D_CONTROL,LOGISTIC,MH_DEV_2016,42,111507,10290,42,0.5054421768707483,0.5054421768707483,0.5032307605122974,0.6066321403725747,0.5050774113113454,0.2500014738065492,0.004548784292135095,0.5032509169827903,0.002191259887957986,0.5054421768707483,0.5050774113113454,0.505548829701372,0.5066745405588781,2580e379b824e0d0cfe0e540d7554f5e273cd104e3dbf52d5c3f9b12e9bf341b,8256cca11e82983747dbc2955ad5b45ae5ec20cf4f3d915980da73805dbf3668,false,false
MH-20261004T082457-fdc8e5,2026-10-04T08:24:57.989094+00:00,/home/iemiedc2026/Documents/Sanket/Research/output/agentic-forecaster/v2/multi_horizon/MH-20261004T082457-fdc8e5,1,ABS_DIR_1D_CONTROL,LOGISTIC,MH_DEV_2017,42,121839,10374,42,0.5101214574898786,0.5101214574898785,0.5039671512084585,0.6100966702470462,0.5144423822127857,0.2497199795457444,0.006622865126218036,0.5033692003381511,0.006752257151727448,0.5101214574898786,0.5144423822127857,0.5094037615046019,0.5143001001282328,2580e379b824e0d0cfe0e540d7554f5e273cd104e3dbf52d5c3f9b12e9bf341b,8256cca11e82983747dbc2955ad5b45ae5ec20cf4f3d915980da73805dbf3668,false,false
MH-20261004T082501-c1ddb9,2026-10-04T08:25:01.721496+00:00,/home/iemiedc2026/Documents/Sanket/Research/output/agentic-forecaster/v2/multi_horizon/MH-20261004T082501-c1ddb9,1,ABS_DIR_1D_CONTROL,LOGISTIC,MH_DEV_2018,42,132255,10290,42,0.508357628765792,0.5083576287657919,0.5119912467786368,0.6190225167557798,0.5196932367544014,0.2499543982280614,0.014058871370246483,0.5041472912177234,0.0042103375480686545,0.508357628765792,0.5196932367544014,0.5072639225181598,0.5195607130756601,2580e379b824e0d0cfe0e540d7554f5e273cd104e3dbf52d5c3f9b12e9bf341b,8256cca11e82983747dbc2955ad5b45ae5ec20cf4f3d915980da73805dbf3668,false,false
MH-20261004T082504-ac3ede,2026-10-04T08:25:04.805651+00:00,/home/iemiedc2026/Documents/Sanket/Research/output/agentic-forecaster/v2/multi_horizon/MH-20261004T082504-ac3ede,3,ABS_DIR_3D,LOGISTIC,MH_DEV_2014,42,90843,10122,42,0.5433708753210827,0.5433708753210829,0.5045419752496254,0.692890365448505,0.4971666728634079,0.24855727700253313,0.018485314765032748,0.5220545336459607,0.021316341675122086,0.5373309817754263,0.5075605469021385,0.5395807895807896,0.49612858842904106,2580e379b824e0d0cfe0e540d7554f5e273cd104e3dbf52d5c3f9b12e9bf341b,8256cca11e82983747dbc2955ad5b45ae5ec20cf4f3d915980da73805dbf3668,false,false
MH-20261004T082508-2df9fc,2026-10-04T08:25:08.082341+00:00,/home/iemiedc2026/Documents/Sanket/Research/output/agentic-forecaster/v2/multi_horizon/MH-20261004T082508-2df9fc,3,ABS_DIR_3D,LOGISTIC,MH_DEV_2015,42,101091,10206,42,0.5105820105820106,0.5105820105820106,0.501838667474325,0.6648775578664877,0.4977770955092904,0.25056332935290376,0.018423846363077305,0.5239140971995528,-0.01333208661754226,0.51440329218107,0.49343230207088146,0.506456820016142,0.4974533516208674,2580e379b824e0d0cfe0e540d7554f5e273cd104e3dbf52d5c3f9b12e9bf341b,8256cca11e82983747dbc2955ad5b45ae5ec20cf4f3d915980da73805dbf3668,false,false
MH-20261004T082511-e60358,2026-10-04T08:25:11.514960+00:00,/home/iemiedc2026/Documents/Sanket/Research/output/agentic-forecaster/v2/multi_horizon/MH-20261004T082511-e60358,3,ABS_DIR_3D,LOGISTIC,MH_DEV_2016,42,111423,10206,42,0.5172447579854987,0.5172447579854987,0.5009229266113198,0.672820240387808,0.5165126885586976,0.24956732456829459,0.010786513838702274,0.5228184486147385,-0.005573690629239736,0.5094062316284539,0.5054628102831974,0.5176553672316384,0.5208552688329496,2580e379b824e0d0cfe0e540d7554f5e273cd104e3dbf52d5c3f9b12e9bf341b,8256cca11e82983747dbc2955ad5b45ae5ec20cf4f3d915980da73805dbf3668,false,false
MH-20261004T082515-ee1620,2026-10-04T08:25:15.133030+00:00,/home/iemiedc2026/Documents/Sanket/Research/output/agentic-forecaster/v2/multi_horizon/MH-20261004T082515-ee1620,3,ABS_DIR_3D,LOGISTIC,MH_DEV_2017,42,121755,10290,42,0.5520894071914481,0.5520894071914481,0.5030514549660353,0.7062272930078399,0.5130318569912651,0.24773752416387618,0.02513152584079568,0.5222701326434233,0.0298192745480248,0.5432636469221835,0.5210510176885252,0.5493197278911565,0.5137065204456736,2580e379b824e0d0cfe0e540d7554f5e273cd104e3dbf52d5c3f9b12e9bf341b,8256cca11e82983747dbc2955ad5b45ae5ec20cf4f3d915980da73805dbf3668,false,false
MH-20261004T082518-01b02c,2026-10-04T08:25:18.944651+00:00,/home/iemiedc2026/Documents/Sanket/Research/output/agentic-forecaster/v2/multi_horizon/MH-20261004T082518-01b02c,3,ABS_DIR_3D,LOGISTIC,MH_DEV_2018,42,132171,10206,42,0.5062708210856359,0.5062708210856359,0.5024638189597119,0.6633709666644398,0.5424009398266321,0.2498281463455135,0.024142392424424123,0.5249109108654697,-0.01864008977983378,0.49794238683127573,0.5297996925365458,0.5070621468926554,0.5427243078175896,2580e379b824e0d0cfe0e540d7554f5e273cd104e3dbf52d5c3f9b12e9bf341b,8256cca11e82983747dbc2955ad5b45ae5ec20cf4f3d915980da73805dbf3668,false,false
MH-20261004T082522-833ad6,2026-10-04T08:25:22.070129+00:00,/home/iemiedc2026/Documents/Sanket/Research/output/agentic-forecaster/v2/multi_horizon/MH-20261004T082522-833ad6,5,ABS_DIR_5D,LOGISTIC,MH_DEV_2014,42,90759,10038,42,0.5595736202430763,0.5595736202430763,0.5045944789243051,0.7129034352880057,0.5115676732573935,0.24680326790872253,0.018857768823402496,0.5364426668429577,0.023130953400118615,0.5550595238095238,0.5182482114516782,0.5580993080993081,0.512140994817196,2580e379b824e0d0cfe0e540d7554f5e273cd104e3dbf52d5c3f9b12e9bf341b,8256cca11e82983747dbc2955ad5b45ae5ec20cf4f3d915980da73805dbf3668,false,false
MH-20261004T082525-a5f685,2026-10-04T08:25:25.417165+00:00,/home/iemiedc2026/Documents/Sanket/Research/output/agentic-forecaster/v2/multi_horizon/MH-20261004T082525-a5f685,5,ABS_DIR_5D,LOGISTIC,MH_DEV_2015,42,101007,10122,42,0.5163011262596325,0.5163011262596325,0.5037975417439703,0.6751592356687898,0.49355200837379787,0.25120783954579656,0.029252372217569197,0.5381805221420297,-0.02187939588239718,0.5286686103012633,0.534944963788976,0.5122074253430186,0.49434149138582634,2580e379b824e0d0cfe0e540d7554f5e273cd104e3dbf52d5c3f9b12e9bf341b,8256cca11e82983747dbc2955ad5b45ae5ec20cf4f3d915980da73805dbf3668,false,false
MH-20261004T082528-38251f,2026-10-04T08:25:28.930740+00:00,/home/iemiedc2026/Documents/Sanket/Research/output/agentic-forecaster/v2/multi_horizon/MH-20261004T082528-38251f,5,ABS_DIR_5D,LOGISTIC,MH_DEV_2016,42,111339,10122,42,0.526674570243035,0.526674570243035,0.5022086214916204,0.6856092919482906,0.5150212996303267,0.2493159469817154,0.014716740120470079,0.5359846953897556,-0.009310125146720583,0.5204081632653061,0.5078161300243678,0.5274414850686037,0.5169989094621712,2580e379b824e0d0cfe0e540d7554f5e273cd104e3dbf52d5c3f9b12e9bf341b,8256cca11e82983747dbc2955ad5b45ae5ec20cf4f3d915980da73805dbf3668,false,false
MH-20261004T082532-9e841f,2026-10-04T08:25:32.589030+00:00,/home/iemiedc2026/Documents/Sanket/Research/output/agentic-forecaster/v2/multi_horizon/MH-20261004T082532-9e841f,5,ABS_DIR_5D,LOGISTIC,MH_DEV_2017,42,121671,10206,42,0.5728982951205174,0.5728982951205174,0.49960033555627115,0.7267941084299593,0.5091427612157577,0.24568130068388977,0.03701289817097804,0.5347289000665729,0.038169395053944455,0.56511175898931,0.4894143085094082,0.5700280112044818,0.5096652463027331,2580e379b824e0d0cfe0e540d7554f5e273cd104e3dbf52d5c3f9b12e9bf341b,8256cca11e82983747dbc2955ad5b45ae5ec20cf4f3d915980da73805dbf3668,false,false
MH-20261004T082536-240405,2026-10-04T08:25:36.537172+00:00,/home/iemiedc2026/Documents/Sanket/Research/output/agentic-forecaster/v2/multi_horizon/MH-20261004T082536-240405,5,ABS_DIR_5D,LOGISTIC,MH_DEV_2018,42,132087,10122,42,0.5038529934795495,0.5038529934795494,0.5034738238767097,0.6647977573087706,0.5482223286322693,0.25059944022390246,0.04036299345016256,0.5383648655810186,-0.03451187210146911,0.5145772594752187,0.5657541498090521,0.5061541565778854,0.5465621645601594,2580e379b824e0d0cfe0e540d7554f5e273cd104e3dbf52d5c3f9b12e9bf341b,8256cca11e82983747dbc2955ad5b45ae5ec20cf4f3d915980da73805dbf3668,false,false
MH-20261004T082539-029fda,2026-10-04T08:25:39.644720+00:00,/home/iemiedc2026/Documents/Sanket/Research/output/agentic-forecaster/v2/multi_horizon/MH-20261004T082539-029fda,10,ABS_DIR_10D,LOGISTIC,MH_DEV_2014,42,90549,9828,42,0.5885225885225885,0.5885225885225885,0.5001029785079406,0.7405696689761355,0.5217324423354568,0.2424777324529174,0.028297281684806216,0.5568808048680824,0.031641783654506095,0.5773809523809523,0.5293996569468267,0.5885225885225885,0.5217324423354568,2580e379b824e0d0cfe0e540d7554f5e273cd104e3dbf52d5c3f9b12e9bf341b,8256cca11e82983747dbc2955ad5b45ae5ec20cf4f3d915980da73805dbf3668,false,false
MH-20261004T082543-82b7fa,2026-10-04T08:25:43.035463+00:00,/home/iemiedc2026/Documents/Sanket/Research/output/agentic-forecaster/v2/multi_horizon/MH-20261004T082543-82b7fa,10,ABS_DIR_10D,LOGISTIC,MH_DEV_2015,42,100797,9912,42,0.515637610976594,0.515637610976594,0.49949902215172265,0.6798693071947723,0.47222790660993647,0.25328482761842686,0.047492656647601265,0.5595999880948838,-0.043962377118289764,0.5119047619047619,0.46282518363890585,0.515637610976594,0.47222790660993647,2580e379b824e0d0cfe0e540d7554f5e273cd104e3dbf52d5c3f9b12e9bf341b,8256cca11e82983747dbc2955ad5b45ae5ec20cf4f3d915980da73805dbf3668,false,false
MH-20261004T082546-d7722f,2026-10-04T08:25:46.506148+00:00,/home/iemiedc2026/Documents/Sanket/Research/output/agentic-forecaster/v2/multi_horizon/MH-20261004T082546-d7722f,10,ABS_DIR_10D,LOGISTIC,MH_DEV_2016,42,111129,9912,42,0.5456012913640033,0.5456012913640033,0.49996565374433105,0.7055054269648228,0.49436353924676624,0.2485151215789524,0.013025923580557968,0.5558855024341081,-0.010284211070104798,0.5426587301587301,0.4879068236525794,0.5456012913640033,0.49436353924676624,2580e379b824e0d0cfe0e540d7554f5e273cd104e3dbf52d5c3f9b12e9bf341b,8256cca11e82983747dbc2955ad5b45ae5ec20cf4f3d915980da73805dbf3668,false,false
MH-20261004T082550-68e548,2026-10-04T08:25:50.193557+00:00,/home/iemiedc2026/Documents/Sanket/Research/output/agentic-forecaster/v2/multi_horizon/MH-20261004T082550-68e548,10,ABS_DIR_10D,LOGISTIC,MH_DEV_2017,42,121461,9996,42,0.6061424569827931,0.6061424569827932,0.5003558270856433,0.7545358189413305,0.4894612007411835,0.24156839991758866,0.049282292495442366,0.5543260799762887,0.05181637700650443,0.6111111111111112,0.48645579012381496,0.6061424569827931,0.4894612007411835,2580e379b824e0d0cfe0e540d7554f5e273cd104e3dbf52d5c3f9b12e9bf341b,8256cca11e82983747dbc2955ad5b45ae5ec20cf4f3d915980da73805dbf3668,false,false
MH-20261004T082554-c0b095,2026-10-04T08:25:54.044811+00:00,/home/iemiedc2026/Documents/Sanket/Research/output/agentic-forecaster/v2/multi_horizon/MH-20261004T082554-c0b095,10,ABS_DIR_10D,LOGISTIC,MH_DEV_2018,42,131877,9912,42,0.4942493946731235,0.4942493946731235,0.5000690186709553,0.6608942704457823,0.5488336618269173,0.25344774054020075,0.06775046658178067,0.5592711390159012,-0.06502174434277769,0.5059523809523809,0.5251918375060534,0.4942493946731235,0.5488336618269173,2580e379b824e0d0cfe0e540d7554f5e273cd104e3dbf52d5c3f9b12e9bf341b,8256cca11e82983747dbc2955ad5b45ae5ec20cf4f3d915980da73805dbf3668,false,false
MH-20261004T082609-c19ab0,2026-10-04T08:26:09.182947+00:00,/home/iemiedc2026/Documents/Sanket/Research/output/agentic-forecaster/v2/multi_horizon/MH-20261004T082609-c19ab0,1,ABS_DIR_1D_CONTROL,HIST_GRADIENT_BOOSTING,MH_DEV_2014,42,90927,10206,42,0.5158730158730159,0.5158730158730158,0.5144810578449915,0.5424576349662006,0.5212176773120943,0.2505445479062491,0.01905987668410778,0.5020730916009546,0.013799924272061337,0.5158730158730159,0.5212176773120943,0.5139397639397639,0.5197027998659981,6df864a3ac92ef6cb1d04d0508c72f8a0f5f2dec13748aff50b8b0fc8d0c7aa8,8256cca11e82983747dbc2955ad5b45ae5ec20cf4f3d915980da73805dbf3668,false,false
MH-20261004T082612-964ab0,2026-10-04T08:26:12.590161+00:00,/home/iemiedc2026/Documents/Sanket/Research/output/agentic-forecaster/v2/multi_horizon/MH-20261004T082612-964ab0,1,ABS_DIR_1D_CONTROL,HIST_GRADIENT_BOOSTING,MH_DEV_2015,42,101175,10290,42,0.5071914480077745,0.5071914480077746,0.5072332684107651,0.5549802544975867,0.5146509649174469,0.25011735736867013,0.01743875560452953,0.5035927847788485,0.0035986632289259912,0.5071914480077745,0.5146509649174469,0.5071630347054076,0.515738440379523,6df864a3ac92ef6cb1d04d0508c72f8a0f5f2dec13748aff50b8b0fc8d0c7aa8,8256cca11e82983747dbc2955ad5b45ae5ec20cf4f3d915980da73805dbf3668,false,false
MH-20261004T082616-f3d863,2026-10-04T08:26:16.252713+00:00,/home/iemiedc2026/Documents/Sanket/Research/output/agentic-forecaster/v2/multi_horizon/MH-20261004T082616-f3d863,1,ABS_DIR_1D_CONTROL,HIST_GRADIENT_BOOSTING,MH_DEV_2016,42,111507,10290,42,0.5139941690962099,0.5139941690962099,0.5132420945256715,0.5543177969877907,0.5198703766670445,0.2498035602341359,0.010610035653094069,0.5032509169827903,0.010743252113419532,0.5139941690962099,0.5198703766670445,0.5152340597255851,0.5217288806755174,6df864a3ac92ef6cb1d04d0508c72f8a0f5f2dec13748aff50b8b0fc8d0c7aa8,8256cca11e82983747dbc2955ad5b45ae5ec20cf4f3d915980da73805dbf3668,false,false
MH-20261004T082619-8f858e,2026-10-04T08:26:20.029357+00:00,/home/iemiedc2026/Documents/Sanket/Research/output/agentic-forecaster/v2/multi_horizon/MH-20261004T082619-8f858e,1,ABS_DIR_1D_CONTROL,HIST_GRADIENT_BOOSTING,MH_DEV_2017,42,121839,10374,42,0.5095430884904569,0.5095430884904568,0.5072617299260691,0.5554002097168822,0.5089396837406753,0.2502683322374784,0.012901208342180582,0.5033692003381511,0.006173888152305795,0.5095430884904569,0.5089396837406753,0.508703481392557,0.5085306226880413,6df864a3ac92ef6cb1d04d0508c72f8a0f5f2dec13748aff50b8b0fc8d0c7aa8,8256cca11e82983747dbc2955ad5b45ae5ec20cf4f3d915980da73805dbf3668,false,false
MH-20261004T082623-ad008e,2026-10-04T08:26:23.970276+00:00,/home/iemiedc2026/Documents/Sanket/Research/output/agentic-forecaster/v2/multi_horizon/MH-20261004T082623-ad008e,1,ABS_DIR_1D_CONTROL,HIST_GRADIENT_BOOSTING,MH_DEV_2018,42,132255,10290,42,0.5076773566569485,0.5076773566569485,0.5091435934544439,0.5578635014836796,0.5146053267125743,0.2505719247624931,0.015051098139411414,0.5041472912177234,0.003530065439225072,0.5076773566569485,0.5146053267125743,0.5054479418886199,0.5123049776512288,6df864a3ac92ef6cb1d04d0508c72f8a0f5f2dec13748aff50b8b0fc8d0c7aa8,8256cca11e82983747dbc2955ad5b45ae5ec20cf4f3d915980da73805dbf3668,false,false
MH-20261004T082627-dee0a7,2026-10-04T08:26:27.040039+00:00,/home/iemiedc2026/Documents/Sanket/Research/output/agentic-forecaster/v2/multi_horizon/MH-20261004T082627-dee0a7,3,ABS_DIR_3D,HIST_GRADIENT_BOOSTING,MH_DEV_2014,42,90843,10122,42,0.5346769413159455,0.5346769413159456,0.5096509228128011,0.6501262813846382,0.5201786156558799,0.24873073949299915,0.021361177681566975,0.5220545336459607,0.012622407669984792,0.5320399764844209,0.5186625491531076,0.5322547822547823,0.5196186557761209,6df864a3ac92ef6cb1d04d0508c72f8a0f5f2dec13748aff50b8b0fc8d0c7aa8,8256cca11e82983747dbc2955ad5b45ae5ec20cf4f3d915980da73805dbf3668,false,false
MH-20261004T082630-3fb03d,2026-10-04T08:26:30.289738+00:00,/home/iemiedc2026/Documents/Sanket/Research/output/agentic-forecaster/v2/multi_horizon/MH-20261004T082630-3fb03d,3,ABS_DIR_3D,HIST_GRADIENT_BOOSTING,MH_DEV_2015,42,101091,10206,42,0.5052910052910053,0.5052910052910053,0.49883138471921423,0.6315405385681967,0.5036163303113756,0.25147344194622734,0.03464835376467244,0.5239140971995528,-0.018623091908547496,0.5052910052910053,0.49940023312933074,0.5021186440677966,0.5037607593140505,6df864a3ac92ef6cb1d04d0508c72f8a0f5f2dec13748aff50b8b0fc8d0c7aa8,8256cca11e82983747dbc2955ad5b45ae5ec20cf4f3d915980da73805dbf3668,false,false
MH-20261004T082633-450a7f,2026-10-04T08:26:33.764923+00:00,/home/iemiedc2026/Documents/Sanket/Research/output/agentic-forecaster/v2/multi_horizon/MH-20261004T082633-450a7f,3,ABS_DIR_3D,HIST_GRADIENT_BOOSTING,MH_DEV_2016,42,111423,10206,42,0.5191064079952968,0.519106407995297,0.5077730122693525,0.6400176030511956,0.5292676319913286,0.2494439045889783,0.018415668754634015,0.5228184486147385,-0.0037120406194416367,0.5138154027042916,0.5234133780059982,0.5195722356739306,0.5321530329162538,6df864a3ac92ef6cb1d04d0508c72f8a0f5f2dec13748aff50b8b0fc8d0c7aa8,8256cca11e82983747dbc2955ad5b45ae5ec20cf4f3d915980da73805dbf3668,false,false
MH-20261004T082637-9326cb,2026-10-04T08:26:37.637963+00:00,/home/iemiedc2026/Documents/Sanket/Research/output/agentic-forecaster/v2/multi_horizon/MH-20261004T082637-9326cb,3,ABS_DIR_3D,HIST_GRADIENT_BOOSTING,MH_DEV_2017,42,121755,10290,42,0.5289601554907677,0.5289601554907678,0.4961272241910322,0.6556305506216696,0.5142409060398188,0.24818295744166388,0.02544158943920416,0.5222701326434233,0.0066900228473444345,0.5159698025551684,0.5000186975109874,0.5281112444977991,0.5157517991985741,6df864a3ac92ef6cb1d04d0508c72f8a0f5f2dec13748aff50b8b0fc8d0c7aa8,8256cca11e82983747dbc2955ad5b45ae5ec20cf4f3d915980da73805dbf3668,false,false
MH-20261004T082641-e1f7d5,2026-10-04T08:26:41.759383+00:00,/home/iemiedc2026/Documents/Sanket/Research/output/agentic-forecaster/v2/multi_horizon/MH-20261004T082641-e1f7d5,3,ABS_DIR_3D,HIST_GRADIENT_BOOSTING,MH_DEV_2018,42,132171,10206,42,0.5135214579659024,0.5135214579659024,0.5109085483630322,0.631922307065016,0.5267889186329118,0.25051725867315894,0.027578743906199438,0.5249109108654697,-0.011389452899567276,0.5029394473838918,0.5142194935147884,0.5135189669087974,0.5268401058631922,6df864a3ac92ef6cb1d04d0508c72f8a0f5f2dec13748aff50b8b0fc8d0c7aa8,8256cca11e82983747dbc2955ad5b45ae5ec20cf4f3d915980da73805dbf3668,false,false
MH-20261004T082644-72f545,2026-10-04T08:26:44.968947+00:00,/home/iemiedc2026/Documents/Sanket/Research/output/agentic-forecaster/v2/multi_horizon/MH-20261004T082644-72f545,5,ABS_DIR_5D,HIST_GRADIENT_BOOSTING,MH_DEV_2014,42,90759,10038,42,0.5493126120741183,0.5493126120741183,0.5091415006243873,0.6795580110497238,0.5270427518575409,0.24727072256168386,0.021350003912266855,0.5364426668429577,0.012869945231160584,0.5461309523809523,0.5278441123245117,0.5475172975172975,0.5264169415097926,6df864a3ac92ef6cb1d04d0508c72f8a0f5f2dec13748aff50b8b0fc8d0c7aa8,8256cca11e82983747dbc2955ad5b45ae5ec20cf4f3d915980da73805dbf3668,false,false
MH-20261004T082648-7e1b60,2026-10-04T08:26:48.359955+00:00,/home/iemiedc2026/Documents/Sanket/Research/output/agentic-forecaster/v2/multi_horizon/MH-20261004T082648-7e1b60,5,ABS_DIR_5D,HIST_GRADIENT_BOOSTING,MH_DEV_2015,42,101007,10122,42,0.5115589804386484,0.5115589804386484,0.5012656649280639,0.6523206751054852,0.5034740931719417,0.25211413611108346,0.04098215329152726,0.5381805221420297,-0.02662154170338127,0.5276967930029155,0.5292320687251901,0.507768361581921,0.503209423137071,6df864a3ac92ef6cb1d04d0508c72f8a0f5f2dec13748aff50b8b0fc8d0c7aa8,8256cca11e82983747dbc2955ad5b45ae5ec20cf4f3d915980da73805dbf3668,false,false
MH-20261004T082651-85b07f,2026-10-04T08:26:51.996668+00:00,/home/iemiedc2026/Documents/Sanket/Research/output/agentic-forecaster/v2/multi_horizon/MH-20261004T082651-85b07f,5,ABS_DIR_5D,HIST_GRADIENT_BOOSTING,MH_DEV_2016,42,111339,10122,42,0.5229203714680893,0.5229203714680895,0.503887986440135,0.6589930089682932,0.5205154139069172,0.24979376797613762,0.02452238063223192,0.5359846953897556,-0.013064323921666232,0.5170068027210885,0.5124029430551941,0.5235068603712671,0.5225461102517741,6df864a3ac92ef6cb1d04d0508c72f8a0f5f2dec13748aff50b8b0fc8d0c7aa8,8256cca11e82983747dbc2955ad5b45ae5ec20cf4f3d915980da73805dbf3668,false,false
MH-20261004T082655-f6a4c3,2026-10-04T08:26:55.631229+00:00,/home/iemiedc2026/Documents/Sanket/Research/output/agentic-forecaster/v2/multi_horizon/MH-20261004T082655-f6a4c3,5,ABS_DIR_5D,HIST_GRADIENT_BOOSTING,MH_DEV_2017,42,121671,10206,42,0.5572212424064276,0.5572212424064276,0.5018588541389,0.6933984666530972,0.5079433750167411,0.24642318302422528,0.03690538611513309,0.5347289000665729,0.022492342339854643,0.5447035957240038,0.4990402923061506,0.5561224489795918,0.5089218743145743,6df864a3ac92ef6cb1d04d0508c72f8a0f5f2dec13748aff50b8b0fc8d0c7aa8,8256cca11e82983747dbc2955ad5b45ae5ec20cf4f3d915980da73805dbf3668,false,false
MH-20261004T082659-87ccd9,2026-10-04T08:26:59.549547+00:00,/home/iemiedc2026/Documents/Sanket/Research/output/agentic-forecaster/v2/multi_horizon/MH-20261004T082659-87ccd9,5,ABS_DIR_5D,HIST_GRADIENT_BOOSTING,MH_DEV_2018,42,132087,10122,42,0.5055325034578146,0.5055325034578145,0.5052213453695981,0.645312167812345,0.5259414051969444,0.25175111934248895,0.043863162184264864,0.5383648655810186,-0.03283236212320395,0.5306122448979592,0.5611619465345785,0.507768361581921,0.5244415178577971,6df864a3ac92ef6cb1d04d0508c72f8a0f5f2dec13748aff50b8b0fc8d0c7aa8,8256cca11e82983747dbc2955ad5b45ae5ec20cf4f3d915980da73805dbf3668,false,false
MH-20261004T082702-3325da,2026-10-04T08:27:02.683952+00:00,/home/iemiedc2026/Documents/Sanket/Research/output/agentic-forecaster/v2/multi_horizon/MH-20261004T082702-3325da,10,ABS_DIR_10D,HIST_GRADIENT_BOOSTING,MH_DEV_2014,42,90549,9828,42,0.5795685795685795,0.5795685795685797,0.5089468138244371,0.7173734610123119,0.5332318658610851,0.2429867348858816,0.03127591790967072,0.5568808048680824,0.0226877747004971,0.5863095238095238,0.5466612854404198,0.5795685795685795,0.5332318658610851,6df864a3ac92ef6cb1d04d0508c72f8a0f5f2dec13748aff50b8b0fc8d0c7aa8,8256cca11e82983747dbc2955ad5b45ae5ec20cf4f3d915980da73805dbf3668,false,false
MH-20261004T082705-9efc79,2026-10-04T08:27:05.892319+00:00,/home/iemiedc2026/Documents/Sanket/Research/output/agentic-forecaster/v2/multi_horizon/MH-20261004T082705-9efc79,10,ABS_DIR_10D,HIST_GRADIENT_BOOSTING,MH_DEV_2015,42,100797,9912,42,0.5135189669087974,0.5135189669087973,0.49932370843431584,0.6652318800333241,0.5036743334237447,0.2541001242667208,0.05775959968964329,0.5595999880948838,-0.04608102118608637,0.5059523809523809,0.4955670651253471,0.5135189669087974,0.5036743334237447,6df864a3ac92ef6cb1d04d0508c72f8a0f5f2dec13748aff50b8b0fc8d0c7aa8,8256cca11e82983747dbc2955ad5b45ae5ec20cf4f3d915980da73805dbf3668,false,false
MH-20261004T082709-c06ced,2026-10-04T08:27:09.308535+00:00,/home/iemiedc2026/Documents/Sanket/Research/output/agentic-forecaster/v2/multi_horizon/MH-20261004T082709-c06ced,10,ABS_DIR_10D,HIST_GRADIENT_BOOSTING,MH_DEV_2016,42,111129,9912,42,0.5375302663438256,0.5375302663438257,0.4981031956963423,0.6864997948297087,0.5143840188945876,0.24864293562480758,0.02327365572382375,0.5558855024341081,-0.018355236090282445,0.5317460317460317,0.4895089365380878,0.5375302663438256,0.5143840188945876,6df864a3ac92ef6cb1d04d0508c72f8a0f5f2dec13748aff50b8b0fc8d0c7aa8,8256cca11e82983747dbc2955ad5b45ae5ec20cf4f3d915980da73805dbf3668,false,false
MH-20261004T082713-00819b,2026-10-04T08:27:13.106570+00:00,/home/iemiedc2026/Documents/Sanket/Research/output/agentic-forecaster/v2/multi_horizon/MH-20261004T082713-00819b,10,ABS_DIR_10D,HIST_GRADIENT_BOOSTING,MH_DEV_2017,42,121461,9996,42,0.5764305722288916,0.5764305722288916,0.4908360481847222,0.7190071675073002,0.5071822951039862,0.24326093390155681,0.054627455691578,0.5543260799762887,0.022104492252602914,0.5654761904761905,0.49621756954490626,0.5764305722288916,0.5071822951039862,6df864a3ac92ef6cb1d04d0508c72f8a0f5f2dec13748aff50b8b0fc8d0c7aa8,8256cca11e82983747dbc2955ad5b45ae5ec20cf4f3d915980da73805dbf3668,false,false
MH-20261004T082717-1ef7ee,2026-10-04T08:27:17.163224+00:00,/home/iemiedc2026/Documents/Sanket/Research/output/agentic-forecaster/v2/multi_horizon/MH-20261004T082717-1ef7ee,10,ABS_DIR_10D,HIST_GRADIENT_BOOSTING,MH_DEV_2018,42,131877,9912,42,0.49556093623890235,0.49556093623890235,0.500909580573333,0.6523915461624027,0.506941364506047,0.2553502885763262,0.06862122443733941,0.5592711390159012,-0.06371020277699885,0.4990079365079365,0.49703335944974436,0.49556093623890235,0.506941364506047,6df864a3ac92ef6cb1d04d0508c72f8a0f5f2dec13748aff50b8b0fc8d0c7aa8,8256cca11e82983747dbc2955ad5b45ae5ec20cf4f3d915980da73805dbf3668,false,false
