ticker,raw_first_date,first_usable_date,samples_1d,samples_3d,samples_5d,samples_10d,eligible,exclusion_reason,train_10d_mh_dev_2014,val_min_1d,val_min_3d,val_min_5d,val_min_10d,sector
ADANIENT,2002-09-04,2003-02-17,3941,3939,3937,3932,True,,2213,245,243,241,236,ENERGY_AND_MATERIALS
ADANIPORTS,2007-11-27,2008-05-22,2612,2610,2608,2603,True,,1373,245,243,241,236,SERVICES_AND_CONSTRUCTION
APOLLOHOSP,2002-07-01,2002-12-12,3986,3984,3982,3977,True,,2213,245,243,241,236,HEALTHCARE
ASIANPAINT,2002-07-01,2002-12-12,3986,3984,3982,3977,True,,2213,245,243,241,236,CONSUMER
AXISBANK,2000-01-03,2000-06-15,4636,4634,4632,4627,True,,2213,245,243,241,236,FINANCIALS
BAJAJ-AUTO,2002-07-01,2002-12-12,3904,3902,3900,3895,True,,2128,245,243,241,236,INDUSTRIALS
BAJAJFINSV,2002-08-12,2003-01-23,3955,3953,3951,3946,True,,2212,245,243,241,236,FINANCIALS
BAJFINANCE,2002-07-01,2002-12-12,3986,3984,3982,3977,True,,2213,245,243,241,236,FINANCIALS
BEL,2002-07-01,2002-12-12,3986,3984,3982,3977,True,,2213,245,243,241,236,INDUSTRIALS
BHARTIARTL,2002-07-01,2002-12-12,3986,3984,3982,3977,True,,2213,245,243,241,236,IT_AND_TELECOM
CIPLA,2000-01-03,2000-06-15,4638,4636,4634,4629,True,,2213,245,243,241,236,HEALTHCARE
COALINDIA,2010-11-04,2011-04-29,1889,1887,1885,1880,False,only 650 valid H=10 training samples in MH_DEV_2014 (need 1000),650,245,243,241,236,ENERGY_AND_MATERIALS
DRREDDY,2000-01-03,2000-06-15,4636,4634,4632,4627,True,,2213,245,243,241,236,HEALTHCARE
EICHERMOT,2000-01-03,2000-06-15,4636,4634,4632,4627,True,,2213,245,243,241,236,INDUSTRIALS
GRASIM,2002-07-01,2002-12-12,3986,3984,3982,3977,True,,2213,245,243,241,236,INDUSTRIALS
HCLTECH,2002-08-12,2003-01-23,3960,3958,3956,3951,True,,2214,245,243,241,236,IT_AND_TELECOM
HDFCBANK,2000-01-03,2000-06-15,4639,4637,4635,4630,True,,2213,245,243,241,236,FINANCIALS
HDFCLIFE,2017-11-17,2018-05-11,157,155,153,148,False,only 0 valid H=10 training samples in MH_DEV_2014 (need 1000); only 157 valid validation samples in the weakest development year at H=1 (need 180); only 155 valid validation samples in the weakest development year at H=3 (need 180); only 153 valid validation samples in the weakest development year at H=5 (need 180); only 148 valid validation samples in the weakest development year at H=10 (need 180),0,157,155,153,148,FINANCIALS
HINDALCO,2000-01-03,2000-06-15,4639,4637,4635,4630,True,,2213,245,243,241,236,ENERGY_AND_MATERIALS
HINDUNILVR,2000-01-03,2000-06-15,4639,4637,4635,4630,True,,2213,245,243,241,236,CONSUMER
ICICIBANK,2002-07-01,2002-12-12,3986,3984,3982,3977,True,,2213,245,243,241,236,FINANCIALS
INDIGO,2015-11-10,2016-05-09,655,653,651,646,False,only 0 valid H=10 training samples in MH_DEV_2014 (need 1000),0,245,243,241,236,SERVICES_AND_CONSTRUCTION
INFY,2000-01-03,2000-06-15,4639,4637,4635,4630,True,,2213,245,243,241,236,IT_AND_TELECOM
ITC,2000-01-03,2000-06-15,4636,4634,4632,4627,True,,2213,245,243,241,236,CONSUMER
JSWSTEEL,2003-05-08,2003-10-21,3704,3702,3700,3695,True,,2151,245,243,241,236,ENERGY_AND_MATERIALS
KOTAKBANK,2001-07-02,2001-12-13,4248,4246,4244,4239,True,,2213,245,243,241,236,FINANCIALS
LT,2002-07-01,2002-12-12,3926,3924,3922,3917,True,,2213,245,243,241,236,SERVICES_AND_CONSTRUCTION
M&M,2000-01-03,2000-06-15,4637,4635,4633,4628,True,,2213,245,243,241,236,INDUSTRIALS
MARUTI,2003-07-09,2003-12-22,3722,3720,3718,3713,True,,2213,245,243,241,236,INDUSTRIALS
NESTLEIND,2002-08-12,2003-01-23,2215,2213,2211,2206,False,only 916 valid H=10 training samples in MH_DEV_2014 (need 1000),916,245,243,241,236,CONSUMER
NTPC,2004-11-05,2005-04-26,3375,3373,3371,3366,True,,2136,245,243,241,236,ENERGY_AND_MATERIALS
ONGC,2000-01-03,2000-06-15,4636,4634,4632,4627,True,,2213,245,243,241,236,ENERGY_AND_MATERIALS
POWERGRID,2007-10-05,2008-03-27,2648,2646,2644,2639,True,,1409,245,243,241,236,ENERGY_AND_MATERIALS
RELIANCE,2000-01-03,2000-06-15,4636,4634,4632,4627,True,,2213,245,243,241,236,ENERGY_AND_MATERIALS
SBILIFE,2017-10-03,2018-03-23,189,187,185,180,False,only 0 valid H=10 training samples in MH_DEV_2014 (need 1000),0,189,187,185,180,FINANCIALS
SBIN,2000-01-03,2000-06-15,4637,4635,4633,4628,True,,2213,245,243,241,236,FINANCIALS
SHRIRAMFIN,2002-07-01,2002-12-12,3989,3987,3985,3980,True,,2213,245,243,241,236,FINANCIALS
SUNPHARMA,2000-01-03,2000-06-15,4639,4637,4635,4630,True,,2213,245,243,241,236,HEALTHCARE
TATACONSUM,2000-01-03,2000-06-15,4636,4634,4632,4627,True,,2213,245,243,241,236,CONSUMER
TATASTEEL,2000-01-03,2000-06-15,4639,4637,4635,4630,True,,2213,245,243,241,236,ENERGY_AND_MATERIALS
TCS,2002-08-12,2003-01-23,3631,3629,3627,3622,True,,2213,245,243,241,236,IT_AND_TELECOM
TECHM,2006-08-28,2007-02-20,2923,2921,2919,2914,True,,1684,245,243,241,236,IT_AND_TELECOM
TITAN,2000-01-03,2000-06-15,4639,4637,4635,4630,True,,2213,245,243,241,236,CONSUMER
TMPV,2000-01-03,2000-06-15,4639,4637,4635,4630,True,,2213,245,243,241,236,INDUSTRIALS
TRENT,2002-07-01,2002-12-12,3986,3984,3982,3977,True,,2213,245,243,241,236,CONSUMER
ULTRACEMCO,2002-08-12,2003-01-23,3956,3954,3952,3947,True,,2213,245,243,241,236,INDUSTRIALS
WIPRO,2000-01-03,2000-06-15,4639,4637,4635,4630,True,,2213,245,243,241,236,UNKNOWN
